Frame,Donor,Acceptor,Distance
0,613,536,2.4718888781732162
0,612,537,2.5395628459086352
0,615,538,2.5875225097436423
0,614,539,2.561692184235321
0,212,576,2.4106713154396484
0,213,577,2.480199876494365
0,214,578,2.4679775543802505
0,215,579,2.4754515106230306
0,618,216,2.6397694845911115
0,619,217,2.733456734404531
0,616,218,2.6486729445003956
0,617,219,2.8469640887298677
0,576,570,2.572937673199532
0,577,571,2.5593208466830806
0,578,568,2.7115074704071285
0,579,569,2.7520376014670944
0,580,604,3.0429755999800894
0,581,605,2.739191833892655
0,582,606,2.734018551231148
0,583,607,3.181190717580191
0,580,588,2.7392348486698785
0,581,589,2.8881147309560222
0,582,590,2.8568532803087674
0,583,591,2.606948859419439
0,584,274,2.7549674487507163
0,585,275,2.8377644416356254
0,586,272,2.785201262052238
0,587,273,2.6782234310677597
0,588,261,2.6493306406650996
0,589,260,3.0563060409520677
0,591,262,2.6815622786688147
0,592,620,2.5570434022169386
0,593,621,2.616588716201491
0,594,622,2.6663992978718847
0,595,623,2.6452109127715513
0,592,605,3.143650262655693
0,593,604,2.9713910015415888
0,595,606,2.952215548055161
0,596,525,2.7167122611655845
0,597,524,2.8662696457018333
0,598,527,2.9666784944720086
0,599,526,2.817895868823193
0,600,594,2.491003047065795
0,601,595,2.449662246522639
0,602,592,2.56145611132356
0,603,593,2.4898766171476336
0,600,252,2.901266174439703
0,601,253,2.8581718255331547
0,602,254,2.9093460299392997
0,603,255,3.23119487478107
0,604,610,2.8810007380335327
0,605,611,2.8067560513856
0,606,608,2.8279646552437563
0,607,609,2.8250099711259486
0,608,489,2.748325083411571
0,608,201,2.7976132401833755
0,609,488,2.685621440484346
0,610,491,2.6456982626958365
0,611,490,2.6647602447141683
0,610,284,2.9935217409507042
0,612,608,2.506921650238506
0,613,609,2.5389009825465707
0,614,610,2.6527882361062827
0,615,611,2.670682772914251
0,612,596,2.5894950008617657
0,613,597,2.615859919889897
0,614,598,2.652456589276024
0,615,599,2.4445425323262384
0,600,616,2.4060309597171377
0,617,601,2.4744022526906706
0,618,602,2.3655805701709687
0,619,603,2.44779656647289
0,616,584,2.554574403982039
0,617,585,2.621387833852391
0,618,586,2.6046195896639786
0,619,587,2.664045949125993
0,620,581,2.672536428109113
0,621,580,2.7127164383946702
0,622,583,2.5214133147051063
0,623,582,2.7277672220539504
0,620,244,2.9940218340487132
0,621,245,3.0489840035114972
0,622,246,3.1942454569682885
1,613,536,2.5726161685945335
1,612,489,2.722639675554623
1,615,538,2.5073550953793453
1,614,539,2.6640169873237496
1,509,596,2.588699475143633
1,576,620,2.5274401469881487
1,578,214,2.4940823561434904
1,579,569,2.6991871730715213
1,618,216,2.431077590354208
1,619,255,2.979861911376735
1,616,562,2.910871223357133
1,617,411,2.5847588221916222
1,513,596,2.801468769699811
1,589,268,2.4267387690492286
1,591,522,2.6808254861760874
1,271,590,2.423233973161962
1,576,605,2.5420631556630773
1,580,577,2.4100609730019653
1,578,607,2.467923491531127
1,623,579,2.5775209481423342
1,576,276,2.7052305442497984
1,577,571,2.7500877904666163
1,578,594,2.7451295069160966
1,579,606,2.6625805028933662
1,580,604,2.5260561460977073
1,581,260,2.90030077022986
1,582,231,2.9359512165316968
1,583,486,2.90778097878934
1,580,588,2.45188257336379
1,581,516,2.7908063487007126
1,587,217,2.867753994019587
1,584,462,2.7949957576717104
1,585,520,2.7233781705546534
1,586,556,2.9523480314366255
1,588,245,2.9057779915862354
1,589,586,2.5922568356533913
1,590,523,2.9779221964379325
1,591,622,2.388172615985994
1,589,581,2.5478793031020213
1,590,582,2.5294147907515896
1,591,270,2.6359807139507048
1,592,586,2.856481053891531
1,593,621,2.604999734162954
1,594,584,3.0565213131417974
1,595,257,2.7718964070068863
1,592,244,2.9853846860111513
1,593,571,2.86020019244108
1,594,246,2.860665134161932
1,595,537,2.6035174171678714
1,596,485,2.8856353943805937
1,597,237,3.2542176082190517
1,597,524,3.1310434191797034
1,599,620,2.715942002924237
1,599,474,2.6830437648767878
1,600,594,2.658228384483036
1,601,219,2.6583654790640217
1,602,554,3.081929958031362
1,603,593,2.467219908961222
1,600,504,2.448096243642342
1,602,599,2.9358905096885
1,603,459,2.9359756514501485
1,604,485,3.122688624104504
1,605,611,2.9616874017485153
1,606,457,2.8461856590247496
1,607,568,2.8598032089828735
1,604,593,2.773188761665141
1,605,196,2.813309625416098
1,607,583,2.660642300317422
1,609,488,3.1222668576187016
1,610,491,2.6666068258429982
1,608,579,2.628535648046787
1,609,583,2.8022979775866426
1,611,490,2.7090626444290082
1,612,608,2.5249836918968
1,613,609,2.473008834680559
1,614,610,2.510992507798615
1,615,611,2.718762539776295
1,612,595,2.527926917178899
1,613,597,2.6496385918632708
1,614,598,2.5072532354890975
1,615,599,2.5382848096301256
1,600,616,2.536544091850175
1,617,601,2.5309968757639782
1,618,602,2.6298922355536263
1,603,619,2.3775874575924876
1,617,585,2.641765889106334
1,618,592,2.6794962616929237
1,619,587,2.6137512874364317
1,620,592,2.948541352972764
1,621,587,2.770008045022605
1,622,230,2.8737846182689166
1,620,212,2.63254352947675
1,621,213,3.1464832506899936
1,622,584,2.8948186775343623
1,215,623,2.367816269812482
2,613,200,2.809982176750595
2,612,537,2.534589473343298
2,615,538,2.4650281319302563
2,614,259,2.7040638486206037
2,596,413,2.4125663083605655
2,620,576,3.0243596156145753
2,577,604,2.441173554564511
2,579,569,2.480566479617695
2,216,618,2.421099174119738
2,617,411,2.5293372549812956
2,596,417,2.8242548667538974
2,619,515,2.6216908803136256
2,589,520,2.7669621207125403
2,591,534,3.164257311458282
2,271,590,2.4171979030014668
2,576,276,2.790574516937617
2,580,192,2.9823948519495267
2,607,578,2.5383881271873503
2,623,215,2.6090697061179853
2,576,611,3.0452489181634745
2,577,221,2.505250322954566
2,578,214,2.6646196301774445
2,579,606,2.86489423420657
2,581,605,2.738909824907833
2,582,523,2.8224751127782524
2,583,486,2.6524653408844743
2,581,516,3.1133396452644218
2,582,395,2.867324888755145
2,584,230,2.812150117125559
2,585,425,2.8734707109794564
2,586,580,2.9116845794861264
2,587,217,3.070990101551578
2,585,392,2.6591911471811684
2,586,532,2.995692839792531
2,587,507,2.6776928920466156
2,621,588,2.4142293913552306
2,589,586,2.5632212365649845
2,622,591,2.503508820424994
2,588,245,2.5747269940548296
2,589,581,2.5604466375368644
2,590,582,2.5937202544300604
2,592,581,2.8817129159151653
2,593,277,2.9503607903282996
2,594,609,2.7726358850777237
2,595,257,2.711017336372005
2,593,610,2.891299165264044
2,594,578,2.631136402717493
2,596,389,2.4285661154880764
2,598,238,2.5837405598545704
2,599,570,2.7311497513334184
2,597,256,2.4091200970337927
2,598,546,2.843857355857371
2,599,458,3.142001034746808
2,600,594,2.4833946966329576
2,601,219,2.557484558219786
2,602,599,2.9322668679662054
2,603,593,2.540969099565346
2,600,552,2.925247089262673
2,600,252,3.056582933162471
2,602,554,3.1827572591813964
2,603,475,2.559368223135077
2,604,580,2.8078123818989096
2,605,528,2.8206805366470333
2,606,457,3.0893078547250075
2,607,568,2.8230204379882005
2,605,576,2.703262089521341
2,606,595,2.85540981605353
2,607,583,2.3528258024499693
2,608,489,2.722875324413005
2,609,456,2.9927911653217985
2,610,491,3.0386652100754246
2,611,490,2.947499025633054
2,609,568,3.25345007668344
2,610,203,2.5912385938119926
2,610,539,3.0443968001513273
2,612,608,2.4618762562477223
2,613,609,2.9568041486062735
2,614,610,2.5448981977338656
2,615,611,2.7583578420133845
2,612,595,2.5595480545295217
2,613,597,2.422257595886576
2,614,598,2.479278420508725
2,615,599,2.6015205434157957
2,600,616,2.5972149800909023
2,617,601,2.599342207311766
2,618,602,2.821614271970035
2,603,459,2.65366763780812
2,616,504,2.784387743623765
2,617,585,2.4873728715846797
2,618,592,3.128265296513921
2,267,619,2.5579733834732608
2,620,592,2.738496276084346
2,621,587,2.4976448090894796
2,622,522,2.4621017690154794
2,579,623,2.4097807499444075
2,212,620,2.5645867309496304
2,621,213,2.734521077425563
2,622,584,2.5485027854553954
3,613,200,2.7534025403736124
3,612,201,2.9054276986895085
3,615,538,2.5954226947377235
3,614,259,2.518078411783167
3,596,413,2.4377488352385916
3,620,576,2.410201512272852
3,604,577,2.4486922033975347
3,579,569,2.5473519126069406
3,618,599,2.7596601713194886
3,617,553,2.8898805040386693
3,596,417,2.9540541468927812
3,619,515,2.964802804393251
3,589,228,2.9625898134216055
3,591,534,2.8313892890207986
3,576,605,2.649789175326398
3,580,586,3.2308851390784588
3,607,578,2.6128312024102063
3,576,276,2.8726273527549755
3,577,221,2.365933769074673
3,578,214,2.584916423444797
3,579,606,2.4163203407215534
3,580,192,2.9989753114751467
3,581,605,2.8372722534872237
3,582,523,2.6718679982352382
3,583,198,2.5836627559699332
3,581,260,2.9866708732155756
3,582,408,2.643576167842906
3,584,230,3.1028520331751053
3,585,623,2.696225944182128
3,587,217,2.5323949231275367
3,585,505,2.6378713842819796
3,268,586,2.7053189248804776
3,587,507,2.452650965777739
3,621,588,2.436682878562905
3,586,589,2.5893005638446396
3,622,591,2.5065816575449165
3,588,245,2.7761577239929007
3,589,581,2.6512756293291875
3,582,590,2.4303424734980377
3,592,589,2.6097522323075437
3,593,610,2.8115145996875355
3,594,609,3.0226922377862038
3,592,244,3.0543604808381626
3,593,277,2.71145089992245
3,594,578,2.7906225740896806
3,595,257,2.5848560094506565
3,596,389,2.803369716010009
3,599,576,3.090884992733322
3,597,256,2.6823943922329008
3,598,238,2.800549660614202
3,599,474,2.88393928268251
3,600,594,2.604019597568272
3,601,513,2.577442963770631
3,602,506,2.3974775444987753
3,603,593,2.3935893282994054
3,600,552,2.972096675580864
3,602,216,2.8537148199732276
3,603,475,2.4982122210085156
3,604,580,2.441904869818302
3,605,611,2.6720265263000167
3,606,457,2.5932589064232725
3,607,278,2.7044005666654316
3,605,196,2.603521191813332
3,606,537,2.9534047689289773
3,607,583,2.49824149598507
3,608,286,2.8878712490020955
3,609,456,2.7195981632458195
3,609,568,2.7743839572684914
3,610,203,2.657862273080553
3,611,202,3.051746149232542
3,612,608,2.4921026181272885
3,613,609,2.5380858091064007
3,614,610,2.8129328481450986
3,615,611,2.5729056989279524
3,612,595,2.4206043828567845
3,613,597,2.558363855692199
3,614,598,2.4265296878476867
3,615,599,2.4311567351242123
3,616,600,2.393715072450526
3,617,601,2.4963905552813523
3,602,618,2.3682121700661187
3,603,459,2.7938661856558022
3,616,504,2.414572144604432
3,617,585,2.3927996162233374
3,618,592,2.8236151577017137
3,267,619,2.448053071247528
3,620,592,2.4774955948633326
3,587,621,2.448042042399085
3,622,522,2.6123135834098004
3,579,623,3.0205992686764924
3,620,212,2.6240241677883676
3,621,213,2.8715339492818486
3,622,584,2.485705474026677
3,623,503,3.0998071505053426
4,613,536,2.5825837031960255
4,612,537,2.4921153912709917
4,615,538,2.4789671724557296
4,614,259,2.611103043732795
4,596,413,2.482747291354698
4,620,576,2.4587819002799285
4,604,577,2.5167016496022763
4,578,214,2.666991186013446
4,579,585,3.045516800178027
4,618,599,2.752240632083066
4,619,515,2.650612254369
4,617,553,2.733119042308889
4,596,417,2.9446365925095854
4,589,577,3.0154789956331185
4,591,534,2.716504514504223
4,590,231,2.691450157172073
4,576,605,2.5143610814889317
4,580,192,2.8646110954922794
4,580,532,3.049291902818144
4,607,578,2.635552281220937
4,623,215,2.434228780869101
4,576,196,2.9188986457466495
4,577,221,2.78064277680155
4,577,567,3.132010393434231
4,579,606,2.587594229884048
4,580,586,2.7833177411112904
4,582,271,2.3432620365114483
4,588,217,2.435072110047233
4,581,556,2.8949976153860137
4,581,244,3.0360193494150867
4,582,523,2.578937604208617
4,583,198,2.705670880910026
4,585,505,2.715859829237004
4,586,520,2.5593726663452743
4,587,621,2.796131018481853
4,585,219,2.9783489756361634
4,268,586,2.4746705958483393
4,588,587,2.421977012093419
4,621,245,3.124151807742252
4,586,589,2.7387381101832475
4,622,591,2.609661962410352
4,582,590,2.570443726786053
4,592,581,3.1733628364787863
4,593,621,2.5997944907331476
4,592,212,2.6726386652111827
4,593,571,2.4227542750085993
4,594,609,3.0480854449302086
4,595,525,2.8097694435206404
4,596,389,2.40668550061829
4,598,238,2.6664910238357815
4,599,474,3.0468579437582926
4,577,509,2.897852492341887
4,599,458,3.0008198671992554
4,600,594,2.5615095313263505
4,601,513,2.785738048091943
4,602,506,2.5174762705972134
4,593,603,2.4903833978051657
4,600,504,2.549583177158633
4,601,265,2.7961463659822403
4,602,216,2.8202383126854347
4,604,580,2.527362249927678
4,605,516,3.278773682534248
4,607,278,2.532655046083855
4,604,281,2.621825301577777
4,605,581,2.954671757195417
4,606,473,2.585027548139037
4,607,583,2.448947058621665
4,610,203,2.64833449916929
4,611,490,2.855433763065937
4,608,489,2.7977489858523064
4,609,568,2.6615942057793913
4,612,608,2.560070922358673
4,613,609,2.4951067970473564
4,614,610,2.5648796368357885
4,615,611,2.5678579021824013
4,612,595,2.437203924726465
4,613,597,2.9158633606584323
4,614,598,2.5428713282671858
4,615,599,2.5981430299249264
4,600,616,2.4517202442394326
4,617,601,2.586504565685007
4,602,618,2.471802020536338
4,603,539,2.834552857613189
4,616,562,2.468724370562321
4,617,585,2.665213101351858
4,618,592,2.6202312105352648
4,267,619,2.475172601782947
4,620,592,2.800408905885371
4,587,255,2.721552738810682
4,622,522,2.7653321105398545
4,623,579,2.4430783670964935
4,620,276,2.620689037424346
4,621,213,2.755006800117954
4,622,584,2.6703133451597756
4,623,569,2.760555119120623
5,613,536,2.421414191476462
5,612,537,2.5567799813499312
5,615,538,2.676332696661658
5,614,259,2.578816366760216
5,596,413,2.4874752268715743
5,620,484,3.0971664915103907
5,577,604,2.320680681287204
5,579,585,2.827614619558969
5,618,581,3.0871005331721775
5,616,562,2.8428091850869106
5,617,553,3.0096903754626747
5,596,417,2.8917351848709467
5,515,619,2.4864749439465976
5,589,241,2.574379840675599
5,591,534,2.654280277761335
5,580,532,3.1035895983302964
5,607,578,2.4111426748275444
5,623,569,2.788163580560843
5,577,221,2.4577722322931588
5,578,502,2.655636602703224
5,579,606,2.733741223532223
5,581,500,3.0045135787810486
5,582,271,2.4158075178468352
5,581,605,2.47247377898976
5,583,486,2.6737641672113632
5,585,505,2.5701989207674965
5,520,586,2.4939885725836533
5,587,621,2.5166171327121827
5,584,230,2.8504548574110604
5,586,580,2.920197802878814
5,587,588,2.4198534172804047
5,586,589,2.8183134896253192
5,590,519,2.8676077925459715
5,622,591,2.467642082745465
5,588,217,2.6966270084849415
5,582,590,2.6309086730307376
5,592,581,2.4406923855485334
5,593,621,2.790154792982235
5,594,552,2.99419656714934
5,594,224,3.0459679915250155
5,592,570,2.5529525978456293
5,593,571,2.6302497966287564
5,595,525,2.7080487406508045
5,595,257,3.022054361903331
5,596,389,2.6397879646948694
5,597,524,3.097847070495176
5,599,474,2.5866752065314023
5,577,589,2.707568190067755
5,598,546,2.929563072301473
5,598,238,3.1709754215737487
5,599,458,3.040215739491598
5,599,554,3.0868761473944155
5,600,594,2.571846700145023
5,601,513,2.589723131767802
5,602,506,2.4152302258949847
5,593,603,2.4540148775794757
5,600,504,2.4316433338612633
5,602,216,2.6613706723849964
5,603,475,3.124374911723927
5,604,580,2.791981400506413
5,606,537,3.0026113807471977
5,607,568,2.5792944884933244
5,604,281,2.7265150719975457
5,605,576,2.752120773544301
5,606,457,2.855328431006054
5,607,583,2.5496585369324283
5,608,489,2.8810913845158987
5,609,472,2.7941195281342326
5,609,568,2.985338725529131
5,610,203,2.704173916399563
5,611,285,3.069565065679077
5,611,490,3.0015532007672507
5,612,608,2.5045866360452513
5,613,609,2.6445656856631605
5,614,610,2.46521150071899
5,615,611,2.3996951710916616
5,612,595,2.5222676738011205
5,613,597,2.5655229954836494
5,614,598,2.4622319145197724
5,615,599,2.6140697271277964
5,600,616,2.586345837013154
5,601,617,2.304965353748071
5,602,618,2.676007180150221
5,603,539,2.6027024004550765
5,617,585,2.465526600324823
5,618,599,2.9663112878691162
5,592,620,2.5081241698576395
5,587,255,2.6850710001990246
5,622,522,2.579426932490564
5,623,579,2.4044429008116732
5,620,576,3.145587063552829
5,621,213,2.4851258908621223
5,622,584,2.6607039084517483
5,623,215,2.6513726265565944
6,613,536,2.4998832570570264
6,612,606,2.5756658990801795
6,615,538,2.4178705597025223
6,614,259,2.5223901583958526
6,596,413,2.645291007825517
6,620,276,2.5741357413401538
6,577,604,2.4853981297933174
6,578,568,2.515588023816148
6,579,585,2.808014586570075
6,618,581,2.6295310630109885
6,617,553,2.7207516028140137
6,596,417,2.7363898208093165
6,596,509,2.9754180321047894
6,619,515,2.6538585908957733
6,590,195,2.8199484882154167
6,607,578,2.5341661480713458
6,623,215,2.4243748607330433
6,576,196,2.892948376161462
6,577,221,2.440838467191887
6,579,606,2.6894168264182112
6,580,532,2.788323809331411
6,581,244,2.8928989411333093
6,271,582,2.4033444904695567
6,583,200,3.139913421281269
6,588,507,2.658997028618822
6,581,605,2.5649936369098874
6,583,287,3.1633086179325733
6,583,488,3.02195729410178
6,585,505,2.6145406227248476
6,586,520,2.464443671586939
6,587,621,2.8044412767598157
6,584,230,2.964396050596597
6,585,219,2.8977285762989706
6,586,580,2.423543711081279
6,588,587,2.5288227596140134
6,586,589,2.932289781720378
6,622,591,2.7606435242251437
6,588,217,2.4238560255972517
6,589,241,2.9821081900965307
6,589,549,3.2089056253492947
6,582,590,2.4929305951498364
6,591,534,2.9420954190744935
6,591,194,3.16327380682994
6,592,581,2.718440082433712
6,593,277,2.8618076889089794
6,594,552,2.7300827792323625
6,592,212,2.521680195315512
6,593,621,2.6290771884777357
6,594,609,2.729708757234744
6,595,257,2.539382173680325
6,596,389,2.4573159366448545
6,598,238,2.644927395391125
6,599,620,2.7522294654084907
6,577,589,2.6693571764400246
6,597,524,3.042709568521996
6,597,256,3.080177619241126
6,599,474,3.0003721977290074
6,600,594,2.5071815273456077
6,602,506,2.5092272366790405
6,603,593,2.487244510774307
6,600,504,2.6635264679218764
6,601,513,2.5697649192531973
6,603,475,2.5793097391340742
6,606,569,2.658659020120593
6,606,441,3.01401491657596
6,607,486,2.559717457864213
6,604,281,2.6960227395371925
6,606,457,2.896987929669347
6,607,583,2.5181161462405655
6,609,472,2.8347730411787535
6,611,576,2.978851677096723
6,608,489,3.1463115217676725
6,609,578,3.0926762259409304
6,610,203,2.7821730664950457
6,611,490,3.0495499388580605
6,612,608,2.445277757495527
6,613,609,2.6387447878284926
6,614,610,2.5468625721057365
6,615,611,2.53503625859949
6,612,595,2.503135479051095
6,613,597,2.4498565819756783
6,614,598,2.552847111088109
6,615,599,2.668705584630137
6,600,616,2.5440134484261945
6,617,601,2.4542921498529773
6,602,618,2.3948292432954283
6,603,539,2.743295217578328
6,616,562,3.078582619770315
6,616,274,3.1257157281141925
6,617,585,2.609106029417379
6,618,599,2.816516387620305
6,267,619,2.447904078493977
6,592,620,2.677945966625932
6,587,245,2.9731660168713128
6,622,522,2.4165378092496343
6,623,579,2.5164954484965265
6,620,576,2.67043654419162
6,621,213,2.640941658412576
6,622,584,2.5285935532311123
7,613,536,2.9646782954675555
7,613,256,2.9716850924107256
7,612,606,2.5849385989650218
7,615,538,2.5294778121943367
7,614,259,2.7750701174568686
7,596,413,2.613796609235022
7,620,276,2.8929404990778456
7,620,484,3.211172904456433
7,577,604,2.5333578662634513
7,579,585,2.703062956143505
7,618,506,2.8291661601548475
7,618,254,3.134339792432173
7,616,562,2.7103209867712152
7,617,553,2.902750254571641
7,597,594,2.735598390780581
7,596,417,3.09835334836081
7,589,241,2.7367654926526472
7,576,605,2.692535470844886
7,607,609,2.7402233616593326
7,623,215,2.4165432755025074
7,577,221,2.6031991804992467
7,214,578,2.7031495680620203
7,579,606,2.857954749361305
7,580,532,2.815919064184441
7,580,268,3.1071992187429087
7,581,244,2.520816293965941
7,582,271,2.518759716539958
7,583,613,2.447459724463698
7,588,507,2.8457207638631816
7,581,605,2.7254306820663246
7,582,523,2.563238223622996
7,583,488,2.657348917381708
7,584,230,2.728243243369327
7,585,505,2.8183408391637084
7,586,520,2.800722057321822
7,585,219,2.7937850574255103
7,586,580,2.39066946715133
7,588,587,2.543985360659019
7,621,587,2.953912158447626
7,586,589,2.6626429440019237
7,590,535,3.083393747003879
7,622,591,2.457239882473159
7,588,217,2.4248814054304852
7,582,590,2.542866721780513
7,591,534,2.6873526526212306
7,592,581,2.5839767592532557
7,593,203,2.693934166289382
7,593,277,2.866928225534786
7,594,552,2.809472033330613
7,595,537,2.74676234217225
7,592,212,2.4740036940821
7,593,621,2.5857980401854372
7,594,609,2.892080762287482
7,595,257,2.781686446102793
7,596,389,2.3633763985839518
7,597,264,2.793969921368157
7,599,474,2.81866503505563
7,577,589,2.6501858766895894
7,512,597,2.44935829281231
7,598,238,2.826975333433585
7,599,570,2.7656710435731053
7,600,594,2.634585808603576
7,601,513,2.4239636482267986
7,602,581,2.638978673275185
7,603,593,2.7047244726449455
7,600,504,2.689267088130647
7,602,599,2.6486174037733003
7,603,475,2.5420345685235843
7,604,281,2.719248512373858
7,605,228,2.8518558890085233
7,606,569,3.0207853258545194
7,606,441,3.050304787538173
7,606,457,2.7462802858425754
7,583,607,2.5307316619429248
7,609,472,2.8691225388839663
7,610,593,2.5253373015780394
7,610,491,3.025659564786013
7,611,490,2.664170694119671
7,612,608,2.53653172426861
7,609,536,3.2575753739897126
7,610,614,2.4547726159312755
7,615,611,2.5554661889896524
7,612,595,2.5181704082428853
7,614,598,2.4697787129792825
7,615,599,2.665535968768228
7,600,616,2.425698011393162
7,601,617,2.442233453043537
7,602,618,2.3900016920103226
7,603,459,2.6835490267482798
7,617,585,2.6682881920125894
7,618,216,2.6841590443291032
7,267,619,2.452300984003081
7,592,620,2.4500885767008116
7,587,213,2.5479393819244285
7,622,522,2.4970334259877545
7,623,579,2.3818573976817623
7,620,576,2.6467275515475572
7,621,571,2.6931181210436677
7,622,584,2.377286480175543
8,613,256,2.903933520138314
8,612,606,2.626335714381713
8,615,538,2.860642265502542
8,614,539,2.5826389808794246
8,596,413,2.5237655796594325
8,620,196,3.1055356966126086
8,577,604,2.653374810819045
8,607,578,2.4351673639016416
8,579,569,2.9818397382091857
8,618,506,2.444172306817058
8,616,218,2.4426305947678726
8,617,553,3.0244164805799656
8,597,594,2.5073941374317927
8,596,417,2.6042650252153843
8,619,598,2.692477805459426
8,591,534,2.609923391279194
8,590,523,2.7910858606343094
8,576,260,3.100889082386822
8,580,613,2.4494515059631907
8,609,440,2.5895636462405287
8,623,215,2.4459811210429905
8,576,605,2.9080680757574413
8,577,221,2.5732719160012483
8,578,568,2.8695268575561603
8,579,487,3.043062903579082
8,580,268,2.678453399310789
8,581,500,2.669786805855916
8,581,212,3.1058278249915783
8,583,584,2.530157180535873
8,581,605,2.7193022814580203
8,582,395,2.5728161467879955
8,585,505,2.569366119455205
8,586,411,3.2587240141472993
8,587,603,2.5463522654397126
8,584,518,2.7249216905759397
8,580,586,2.485227255888281
8,588,587,2.749107763402153
8,621,587,2.722420770305478
8,586,520,2.686863113757633
8,590,271,2.330282242843262
8,622,591,2.4903742804865012
8,217,588,2.457582209648546
8,589,241,2.8314029362022968
8,590,582,2.6910391743952187
8,592,581,2.528912039147922
8,621,593,2.465146012012985
8,594,600,2.58845374581138
8,592,570,2.7555425583550415
8,593,277,3.0194029861462135
8,594,224,3.081926410414258
8,595,257,2.6517651255006127
8,596,389,2.461949431969573
8,597,264,2.4401452541134607
8,598,238,2.974903410626063
8,599,458,3.277584083450002
8,577,589,2.5380617010843167
8,598,259,2.8443851701076137
8,598,527,2.7645611522084668
8,599,570,2.7601581869651053
8,600,504,2.9860290281461177
8,601,595,2.578538062680207
8,602,581,2.7312533544639397
8,593,603,2.6959433891348072
8,600,252,2.6338008671456272
8,601,265,3.1375372183849555
8,602,599,3.3102264614725514
8,603,475,2.7985684183506834
8,606,569,2.9721627725246376
8,607,486,2.8017519331493688
8,604,281,2.8907509871645427
8,605,556,2.944244633743114
8,605,228,2.9807254138472676
8,606,457,2.7058217598563483
8,607,583,2.503275897331587
8,608,201,2.5829708779122384
8,609,472,2.585740669261695
8,610,582,2.8033035345922848
8,611,490,2.661563846305922
8,610,491,2.747617084425697
8,612,608,2.4755925481687306
8,609,456,2.611436603385813
8,614,610,2.43548451572815
8,615,611,2.490516059804253
8,612,595,2.609541798446858
8,613,536,2.760271943723829
8,614,598,2.7953939451088154
8,615,599,2.422427350833401
8,617,601,2.4628263314338885
8,618,602,2.4110572511818438
8,603,459,3.107853231954165
8,616,600,2.6696544874845776
8,617,585,2.354430400312146
8,618,216,2.769756284295158
8,267,619,2.529981107803353
8,592,620,2.454307058477943
8,587,255,2.9884854431359074
8,622,522,2.7042819528369675
8,623,579,2.422197720458292
8,620,576,2.4644306484156124
8,621,213,2.704009507136706
8,622,584,2.6240262401203656
9,613,256,2.9234394514931994
9,612,606,2.914368618306385
9,615,538,2.549550902088202
9,614,539,2.652705813085122
9,596,413,2.864064892620617
9,620,484,2.8721051909827864
9,577,604,2.3852476218027223
9,607,578,2.4518373122365795
9,579,608,2.4373302201362135
9,618,506,2.8089820156618166
9,618,254,3.1582465855958874
9,619,598,2.6263765918107915
9,218,616,2.459579599194343
9,617,606,3.0223607041205076
9,594,597,2.4907150801097417
9,596,417,2.7875041175796222
9,591,534,3.0647724826327103
9,271,590,2.481452079696318
9,576,528,3.1462769021008867
9,580,613,2.573850991390474
9,609,440,2.584171466473937
9,623,503,2.8875113923550315
9,576,605,2.7668871824930026
9,577,221,2.5492601871723988
9,578,214,2.5482620716686117
9,579,569,2.461649699118858
9,580,268,2.4786414791190867
9,581,500,2.983818149523759
9,581,244,3.272941598379351
9,582,523,2.6954812834737734
9,588,217,2.4798155406291102
9,581,605,2.6634866518754676
9,582,506,2.5779550564361995
9,583,198,2.584904133212041
9,585,219,2.608959878724691
9,587,255,2.735156714437662
9,584,230,2.6905896485773693
9,580,586,2.770740858533363
9,588,587,2.5552334365353646
9,621,213,2.8464877275862666
9,621,501,2.8978898993554223
9,622,591,2.576735362904079
9,588,621,2.7188660989024918
9,590,614,2.5972546003221635
9,592,581,2.6475517743508825
9,593,621,2.6274997983655264
9,594,600,2.6614196450617467
9,595,601,2.6389930573350537
9,592,570,2.3976094444896847
9,593,571,2.527368185296702
9,594,512,2.6446857217655912
9,594,224,3.1230057619188267
9,595,525,2.7987049001778623
9,596,389,2.380350477353944
9,599,458,3.1619475074425236
9,577,589,2.62908583995225
9,597,264,2.6345171066293354
9,598,259,2.9238972217083754
9,599,592,3.1121361185085057
9,602,581,2.9731545406512994
9,593,603,2.3811706097236076
9,600,252,2.8083506541923287
9,601,265,2.494947593920591
9,602,212,2.7293751946157108
9,603,459,2.7878900428239115
9,604,281,2.880620298446027
9,605,228,2.746042209773864
9,606,457,2.77302540212819
9,607,278,2.786870452625376
9,606,473,2.7528466464419155
9,607,583,2.471882415742875
9,609,472,2.536127792427492
9,582,610,2.642954641577436
9,611,620,2.5586965437981477
9,608,487,2.9213400740278463
9,610,614,3.000945528868333
9,611,490,2.7945775312990837
9,612,537,2.6593524064110414
9,609,456,2.436413565081614
9,610,491,2.8354182580904066
9,615,611,2.5082877625777713
9,595,612,2.3983554275772736
9,613,536,2.768318669287259
9,614,259,2.9680976768654097
9,615,599,2.541562483139264
9,617,623,2.721564506250123
9,618,602,2.415561517737763
9,603,598,3.005445449836564
9,616,600,2.586352986960195
9,585,617,2.512789948586979
9,618,216,2.484936145220082
9,267,619,2.4945547648409505
9,592,620,2.4566188893063643
9,587,603,2.8555310305881156
9,622,522,2.6408008661010967
9,579,623,2.7841766136806885
9,620,576,2.6298514576262786
9,622,584,2.491703695287485
9,623,215,2.560249322857037
10,612,606,2.974385841449749
10,615,538,2.660462376243038
10,614,539,2.6761327583004393
10,596,413,2.4311183993721857
10,620,484,2.643942637751169
10,577,604,2.515682556684843
10,607,578,2.4267405950716334
10,579,608,2.511713216952657
10,618,506,2.6459718333408646
10,619,515,2.456583379024551
10,616,504,2.6391636691157356
10,617,606,2.4895577742380004
10,597,264,2.4986054191850617
10,596,417,2.7895166779784013
10,619,598,2.4384543788809854
10,589,241,2.9154577512778017
10,591,534,2.8851361453346445
10,271,590,2.4886125376451793
10,576,605,2.9711010952107384
10,580,613,2.421900095900725
10,609,440,2.6407580342662884
10,576,528,2.9179653977658866
10,577,221,2.472386375223325
10,578,568,2.937045552572385
10,578,214,3.1149143976653053
10,579,569,2.4237060526933067
10,580,268,2.6538789565802885
10,581,244,2.825630047026962
10,582,395,2.6926816506026547
10,582,523,3.0352491903354313
10,588,217,2.438918981204944
10,581,605,2.7256541402622974
10,582,408,2.602370995852567
10,583,530,3.137112376545059
10,584,230,2.8945486905361633
10,585,505,2.5676868254536616
10,585,253,3.092560552518379
10,586,411,2.8453376200855356
10,585,219,2.7375749276021777
10,580,586,2.43575867561339
10,588,587,2.4499768709310685
10,621,213,2.5484314738019123
10,586,425,3.2608570370727223
10,622,591,2.384678645833764
10,588,621,2.673478860731043
10,590,614,2.6351694534554366
10,592,581,3.065154277526717
10,593,621,2.639134277685609
10,595,601,2.640926427223918
10,592,570,2.7164358248058926
10,593,571,2.563125962856333
10,594,256,3.0750706080902064
10,595,257,2.6262051481925215
10,596,389,2.4969436232716484
10,597,594,2.4779024414142232
10,598,259,3.1952126789545177
10,599,458,2.8928097537397037
10,577,589,2.517372184975127
10,597,512,2.4902382763067554
10,600,246,2.9691654393296676
10,601,265,3.0124462786509674
10,602,581,2.7298600666803807
10,593,603,2.6013011865811593
10,600,214,2.780735454961765
10,601,513,2.79379091237571
10,602,212,2.7111376890908216
10,603,459,3.104174489465546
10,603,555,3.006823236492031
10,606,473,2.6826895333114216
10,607,486,2.8271143400452057
10,604,281,2.855196613551649
10,605,228,2.4632963950540385
10,606,623,2.696633332899784
10,607,583,2.535115827394473
10,609,472,2.453082398151463
10,582,610,2.4808491017899583
10,608,487,2.757174917869881
10,608,199,2.9680065840632874
10,610,614,2.6470933724143855
10,611,490,2.9515210155088853
10,612,537,2.7006245358655043
10,609,456,2.4865372139356436
10,615,611,2.41587079137014
10,595,612,2.4652367364896715
10,613,536,2.9931971539512214
10,615,599,2.4951343094026384
10,616,600,2.4303559407438837
10,617,601,3.07621283775085
10,602,618,2.395611590125356
10,616,218,2.4656405511196953
10,617,585,2.4138083368383465
10,618,216,2.699185357269089
10,619,267,2.578640100045769
10,620,592,2.542087028060325
10,587,255,2.8504209871805246
10,622,522,2.562787734770084
10,579,623,2.613444875945081
10,620,576,2.5713661743093867
10,621,245,3.1520194131292363
10,622,584,2.6444607473763053
10,623,215,2.517245339550629
11,613,536,2.6991433420575035
11,612,606,2.646851074955632
11,538,615,2.673314720675884
11,614,539,3.0404263743537143
11,596,413,2.6345772671832424
11,620,276,2.723084763358201
11,577,604,2.5982580994315536
11,578,607,2.7605789495559576
11,579,608,2.490955377841475
11,618,254,2.9901881168964257
11,619,598,2.728520091375255
11,504,616,2.563556668098935
11,617,606,2.7142778244951553
11,597,264,2.564686920656697
11,596,417,2.474117200291902
11,619,227,3.228937806639936
11,591,534,2.790475375330321
11,271,590,2.4977087568556153
11,576,605,2.596485370244719
11,580,613,2.576996304447928
11,609,440,2.663739431340655
11,576,196,2.5773853066692602
11,577,221,2.513283504685255
11,578,568,2.466918865561157
11,579,279,2.674666390783007
11,580,268,2.751956016551934
11,581,244,2.7921127445150224
11,582,523,2.8329150558398477
11,588,217,2.4824507423491426
11,581,592,2.6878524222540916
11,582,506,2.5938817394005307
11,583,558,3.190313644523145
11,583,230,3.0717204949336736
11,584,262,2.9589954338556828
11,585,505,2.5230044136413787
11,586,411,3.179995091327368
11,587,603,2.8840670968650044
11,584,583,2.8503496202165355
11,580,586,2.4719442578601742
11,588,587,2.6012090476578926
11,621,213,2.7629147855259184
11,586,520,2.7938686487805118
11,622,591,2.6693635010902805
11,588,621,2.5954568130630187
11,589,241,2.6961932380414626
11,590,614,2.6034143215958916
11,593,621,2.939094610448615
11,594,256,2.997811630841776
11,594,524,2.8988433420195716
11,595,601,2.424581781386855
11,592,212,2.595334899320281
11,593,571,2.5136278826778113
11,594,237,3.0762608870428636
11,595,257,2.709338083915752
11,596,389,2.764323927132107
11,597,594,2.4493294782940387
11,598,259,2.9206405804186297
11,599,615,2.886504782219414
11,577,589,2.5050123660668246
11,597,512,2.5549053640120203
11,599,570,3.1162111906958025
11,600,502,2.7214955422411955
11,601,513,2.7131040906964494
11,602,581,2.6338077279219063
11,593,603,2.6473622400386065
11,600,583,2.9002268229162844
11,601,265,2.610466363917392
11,602,599,2.457227016402043
11,603,459,2.813603752310665
11,605,516,3.2048468475254803
11,606,473,2.68445685177479
11,607,486,2.764927156232833
11,604,281,2.8143524605415506
11,605,581,2.906146871835124
11,606,623,2.8287878674924523
11,609,472,2.6609711943456285
11,582,610,2.3855526864220526
11,611,576,3.0125722858128516
11,608,612,2.5581873901437366
11,578,600,2.4438264426104954
11,611,490,2.9429404564470447
11,612,537,2.842347393919006
11,609,456,2.4588105631098616
11,610,491,2.6609136537079423
11,615,611,2.5484838667326697
11,595,612,2.7573534565767903
11,616,218,2.8195201962897425
11,617,553,2.780277374306477
11,602,618,2.378393469284895
11,603,598,2.8618541813422933
11,585,617,2.459292273955508
11,618,216,2.8047701552241424
11,267,619,2.4167134551926472
11,620,592,2.5261549118572972
11,622,522,2.7332876102724257
11,579,623,2.5721848794367337
11,620,576,2.4469884738860777
11,622,584,2.479044381970716
11,623,215,2.701411626318315
12,613,488,2.948292725084079
12,612,257,2.6093655054926623
12,615,538,2.7362871448295873
12,614,539,2.517822014230039
12,596,413,2.5339140195971215
12,620,484,2.77556817612366
12,577,604,2.3976827088864083
12,578,607,2.4240367362872415
12,579,608,2.4217519218259027
12,619,598,2.9259102262612107
12,616,583,2.3776285213402035
12,617,553,2.8103126898494004
12,597,264,2.5152953023328
12,596,417,2.8642120847300725
12,589,241,2.8042703831447877
12,591,534,2.987727343226312
12,590,271,2.655589740507695
12,576,605,2.4002591762719083
12,580,613,2.490299812788754
12,609,440,2.806689829301423
12,623,585,2.796084610667925
12,576,260,3.2300744330319104
12,577,221,2.533519909641281
12,578,486,2.5459749061503563
12,579,569,2.533620095046643
12,580,268,2.691152806005743
12,581,500,3.03242617592823
12,523,582,2.5451736265837255
12,583,214,2.6897825919596463
12,588,217,2.4402101268176697
12,581,592,2.633269796564986
12,582,506,2.9651464664707747
12,583,246,3.211326830022604
12,583,502,2.9874594021733043
12,585,505,2.6696369592009814
12,586,520,2.7996604750563456
12,587,603,3.2977042865334085
12,584,230,2.7519737119328753
12,580,586,2.5568768253225818
12,588,587,2.8345958897999393
12,621,213,2.696140479950552
12,586,411,3.1993480326424
12,622,591,2.5532373744506147
12,588,621,2.6761065672923876
12,614,590,2.462334656839745
12,592,570,2.682179986194507
12,593,621,2.663894393728082
12,594,237,2.9544705100181323
12,595,601,2.5316506114810347
12,593,571,2.446845540237745
12,594,256,2.934938936771595
12,595,236,2.806210487500951
12,596,389,2.4507294206787997
12,597,594,2.5386760451985935
12,598,259,2.5865432424150625
12,599,458,2.9547442830948984
12,577,589,2.508253613744069
12,597,512,2.6075455868910864
12,599,602,3.0097532977292834
12,599,570,3.0744061382782433
12,600,583,3.0177166805315827
12,602,581,2.6336293994654065
12,593,603,2.5403099419609845
12,600,568,2.6599017866860404
12,601,265,2.5449807092772447
12,602,212,2.426492587792101
12,603,598,2.6165322956701735
12,604,281,2.95895904933493
12,605,581,2.575174118104624
12,606,457,2.723607904566133
12,607,584,2.7910518863304534
12,605,228,2.960175082871101
12,606,473,2.55746691608424
12,607,262,3.1293699199009497
12,609,472,2.4932691806169336
12,611,490,2.9362241332805574
12,608,487,2.5663476913293675
12,578,600,2.736337967040879
12,610,491,2.8498757251462896
12,609,456,2.435260151175789
12,615,611,2.5897243831235164
12,612,595,2.483907118610008
12,613,536,3.1277528942301482
12,614,610,2.565388138439474
12,615,599,2.543531022386501
12,616,218,2.8809204198133287
12,606,617,2.390779702078037
12,602,618,2.513172409009222
12,603,459,2.759558918906988
12,616,504,2.5305486117163443
12,617,585,2.59288152307729
12,618,216,2.8995637717803264
12,267,619,2.574387756263953
12,620,592,2.965412268143843
12,587,555,2.9526499528399928
12,579,623,2.5396556084111768
12,576,620,2.5370130157650745
12,621,245,3.174357010671723
12,622,522,2.4102179500132936
13,613,392,2.5421967198890374
13,612,606,2.804059029375867
13,615,538,2.313468014193287
13,614,195,2.5996565078611633
13,596,413,2.555249261191502
13,620,528,2.818018517441889
13,604,577,2.388166329787213
13,578,607,2.5253544500308904
13,579,608,2.5004657964844914
13,618,216,2.6985517703226436
13,619,598,3.0859086139993823
13,583,616,2.5061193949951046
13,617,569,2.622137489506002
13,597,264,2.7139278792093644
13,596,417,2.8034683304228314
13,619,515,2.661891357174299
13,589,580,2.6715791475885284
13,590,271,2.6759764265674293
13,576,516,3.0679380127647398
13,609,456,2.5709654284808807
13,576,605,2.6046819846064726
13,577,241,3.0320129708323567
13,578,214,2.4293990346340126
13,579,215,2.5251384948541666
13,580,268,2.8865116159830158
13,581,605,2.8517355744731496
13,582,426,2.614724539864253
13,582,506,2.986895451851553
13,583,600,2.8441944563162522
13,588,217,2.601373082013497
13,581,212,2.5822128062283842
13,582,408,2.52166316869022
13,583,607,2.770486730091613
13,586,589,2.702866667962784
13,587,255,2.985982597330593
13,587,555,2.921410940485725
13,584,230,2.82153516267453
13,586,253,2.805709677539288
13,588,587,2.428440641686423
13,621,213,2.534280194354511
13,613,586,2.5229659389900574
13,622,591,2.608708185287654
13,588,621,2.932344170796536
13,589,233,2.996164433499581
13,614,590,2.4601692476469537
13,591,235,2.8843539543165413
13,592,581,2.9856964204885417
13,593,621,2.591514463912045
13,594,256,2.751497630546372
13,595,601,2.431359970587684
13,592,276,2.822603625610602
13,592,484,2.9450567313512814
13,593,571,2.4858153877239615
13,594,237,3.22360627254349
13,595,265,2.7952069078259387
13,596,389,2.4974904412537917
13,597,594,2.5895992157804724
13,599,458,3.1711703867879306
13,577,589,2.5993693137996567
13,597,512,2.483012244882524
13,598,259,2.874459751663983
13,599,570,3.05882733054365
13,601,585,2.583958642801966
13,602,581,2.6119640789131755
13,593,603,2.61942544985443
13,601,553,3.0412566613523517
13,602,599,2.786767505375243
13,603,459,2.714796363521024
13,607,584,2.602055048316698
13,604,221,2.603820694673052
13,605,556,3.0161072189236906
13,606,537,2.397929986517039
13,607,246,2.630104137276335
13,609,440,2.682436625791046
13,582,395,2.6539661575601725
13,611,490,2.8233067604411044
13,608,279,2.95156507461717
13,612,257,2.622230490112075
13,609,472,2.5541216666879234
13,610,539,2.8059917788027775
13,615,611,2.7130114423795457
13,595,612,2.6808675811588683
13,613,411,2.5604328494880817
13,614,610,2.6157056264690466
13,615,599,2.439746193204767
13,616,504,2.7212151585600055
13,617,606,2.5404970931834376
13,602,618,2.448856412105755
13,603,598,2.9538148112301057
13,616,218,2.4533320350605785
13,617,457,2.8664563339841713
13,618,506,2.7211898859738044
13,267,619,2.4779942389157608
13,620,592,2.5621452197224484
13,587,603,2.772670003970822
13,622,394,2.6983223649796626
13,579,623,2.655327019998321
13,620,576,2.393164981125472
13,622,507,2.806986962781931
13,623,247,2.791604226140862
14,613,411,2.4456505713655807
14,612,236,2.7560818668355487
14,615,620,2.6976038246400385
14,614,195,2.7110355613411654
14,596,413,2.4706858534888396
14,620,484,2.6941624742475314
14,604,577,2.401870082141781
14,607,578,2.534151945857951
14,579,608,2.8498714340492057
14,618,605,2.6771221194648103
14,619,598,2.799090943623322
14,616,583,2.4674994816149773
14,617,473,2.710318793909433
14,597,264,2.598969799992822
14,596,417,2.6172658496871097
14,591,611,2.568780717369031
14,576,556,2.954239269094899
14,580,586,2.7302388036167016
14,609,472,2.657488596852407
14,623,247,2.6644149723760666
14,577,221,2.6518246179420593
14,578,214,2.7661286183720435
14,579,215,2.5733175030131537
14,580,192,3.20263617989017
14,581,576,2.3672125939466677
14,582,426,2.5590360255270452
14,583,600,2.666903897363494
14,217,588,2.4629296747383735
14,581,500,3.2011964205548544
14,582,408,2.3721058284918413
14,583,578,3.180893600891021
14,586,520,3.028012713587546
14,587,598,2.9084099172918703
14,584,230,2.73701884356658
14,585,505,2.8671191280197625
14,586,268,2.576202439545988
14,588,587,2.5894836320107637
14,613,425,2.8717620619396245
14,590,271,2.5061425109077184
14,591,622,2.4428595326093165
14,588,621,2.809233722320932
14,589,586,2.8700267048185673
14,590,614,2.441354949769511
14,591,522,2.5285073557363438
14,592,581,2.4596219393066647
14,593,475,3.1452683128997427
14,594,237,2.942375704304281
14,595,601,2.4889297726860993
14,592,570,2.5449499378319147
14,593,539,2.8686202534403353
14,594,256,2.623071387848916
14,595,265,2.8479815794732137
14,596,389,2.4535809751556235
14,594,597,2.3838501021111753
14,598,227,2.91839887485816
14,599,458,2.664510836527836
14,577,589,2.638032795379794
14,597,512,2.8317036059159477
14,598,593,2.838563942344873
14,599,474,2.787656602081313
14,601,585,2.6244890501233087
14,602,254,3.196289202619644
14,603,593,2.535353157899604
14,600,584,3.2604727612456568
14,601,553,3.192147785945382
14,601,225,3.188704396292698
14,603,571,2.5685146339813603
14,604,580,2.455668923990988
14,606,201,2.798304080823962
14,607,584,2.506909648623575
14,604,281,2.820651243617515
14,605,560,2.952670978822675
14,606,608,2.7883701994737753
14,607,246,2.6258366733770826
14,609,536,2.512892558355167
14,582,395,2.627142803007488
14,611,270,3.112859973580759
14,608,279,2.7245810741732766
14,610,259,3.1364460828668608
14,612,257,3.0687395410240956
14,609,568,2.597805864903704
14,615,202,2.7237208243217066
14,595,612,2.5563734039188892
14,613,392,2.59491791029243
14,614,610,2.7532971536892696
14,599,615,2.410006034293348
14,616,504,2.65032059738667
14,617,606,2.431947852552139
14,618,602,2.5509602031768686
14,603,621,2.4868911588981
14,616,218,2.8490046029997744
14,617,457,2.761712127434517
14,618,216,2.563424962078283
14,619,267,2.4069657673840674
14,592,620,2.5547498962729787
14,587,255,3.1639577202154996
14,622,507,2.9009867122497437
14,579,623,2.4130650095694253
14,621,213,2.5054927854382996
14,622,409,2.800391216596705
15,613,411,2.4881153377653176
15,615,620,3.0408597944315954
15,614,195,2.81826406051439
15,596,413,2.3633948339361255
15,620,484,2.6426352583199
15,577,604,2.588885689096247
15,607,578,2.5981366265372494
15,579,608,2.693828535597413
15,618,605,2.6022589110867886
15,583,616,2.4434456307077457
15,617,569,2.706147604422664
15,617,608,3.0344386493522446
15,597,264,2.674522097151954
15,596,417,2.7944485536596053
15,619,598,2.7281660034439894
15,589,586,2.699204102505034
15,591,611,2.5598182092446016
15,590,271,2.547378304121619
15,576,556,2.9902050372313598
15,580,586,2.970056177944547
15,609,472,2.75370160122298
15,609,552,3.2271691013162647
15,623,247,3.218408854812961
15,576,605,2.799514105630107
15,577,509,2.778546574016359
15,578,214,2.622798760620123
15,579,215,2.509759397154482
15,580,192,3.2240416985641316
15,581,576,2.5523841925681157
15,582,426,2.87694636251155
15,583,600,2.5125463738891654
15,588,217,2.4561271994030784
15,581,500,2.913296035567604
15,582,408,2.5839351093341407
15,583,218,2.610582305195349
15,584,518,2.706559627819743
15,585,505,2.7202116503691633
15,586,268,2.732096526312093
15,586,532,3.2370104082781657
15,587,598,2.8224664800601094
15,586,520,3.080226854074682
15,588,587,2.569481080360701
15,613,425,2.6099107782022775
15,590,523,2.877668874972154
15,591,622,2.446167934091552
15,589,549,2.926140774519085
15,589,233,3.177849951776836
15,614,590,2.4117392864938845
15,591,270,2.73969907300149
15,592,581,2.627930316244254
15,593,475,2.7983212028278195
15,594,237,2.613748779021546
15,601,595,2.441225089133354
15,592,570,2.435718904719517
15,593,459,2.907739951071291
15,594,524,2.7922841182367097
15,595,513,2.7407117659857536
15,596,389,2.468188834159257
15,597,594,2.433978077097739
15,598,227,2.9594025158153814
15,599,458,2.5979034037532345
15,577,589,2.469149494937528
15,597,512,2.7194773087721624
15,598,593,2.7756511618557096
15,599,474,2.4462323103525763
15,601,585,2.5665777098291054
15,602,254,3.0471915756437165
15,603,593,3.1444131640793924
15,601,553,2.6110240213559455
15,602,581,2.6444422725679386
15,603,571,2.432555425851569
15,604,567,2.946887994644996
15,606,537,2.6015251543928377
15,607,584,2.4902842064192168
15,605,580,2.522748099359123
15,606,612,2.8858341081508145
15,607,246,2.7280462731782245
15,608,279,2.8420343682236315
15,609,536,2.5106045517542808
15,582,395,2.4101823014166848
15,611,258,2.742990991405244
15,610,539,2.910777371283115
15,612,525,3.112025943316359
15,612,257,3.020467383487272
15,609,568,2.5453867660844693
15,610,259,3.0561321382407964
15,615,202,3.2941384539298513
15,613,392,2.5610371564138776
15,614,610,2.583748336575776
15,599,615,2.403918676999232
15,606,617,2.395723708427903
15,618,602,2.413920377704643
15,603,621,2.409780093151399
15,616,393,3.293180980865318
15,617,473,2.549274939956612
15,618,216,2.5890011727659465
15,267,619,2.505024286074854
15,592,620,2.7016004543417473
15,587,255,2.8932486705575733
15,622,522,2.5701690561563457
15,579,623,2.5971089956152222
15,621,213,2.5828296104153803
15,622,394,2.9191883011698256
16,613,411,2.4891088232577308
16,612,595,2.722362417163287
16,614,195,2.6901046359968266
16,596,413,2.485074396071365
16,620,484,2.6216711731203155
16,577,604,2.5550450978079646
16,607,578,2.382745461805356
16,579,608,2.463057754286211
16,618,605,2.667009466902973
16,619,598,2.5995847603769313
16,583,616,2.5360110410821557
16,617,457,2.6185965066376937
16,597,264,2.533798469422974
16,596,417,2.791783438517912
16,596,513,3.0339311744240054
16,589,586,2.7205650210838126
16,591,611,2.4646400045738606
16,580,532,2.772524487322759
16,609,472,2.5855246880451936
16,576,556,3.0477357469710893
16,577,221,2.679465154280995
16,578,214,2.6790057125693334
16,579,215,2.6520984685171687
16,580,586,2.9808221791024176
16,581,576,2.530028911221638
16,582,426,2.6507897904608697
16,583,600,2.562017295972341
16,588,217,2.5495700435312774
16,581,500,3.0261959245158434
16,582,408,2.5008784494542087
16,583,252,2.8489846350140864
16,584,230,2.9471301337760405
16,584,518,3.1123807621025508
16,585,505,2.704040215504336
16,586,233,2.9278877493581166
16,587,598,2.64548127455274
16,586,520,2.8841633128593034
16,588,587,2.440512435496799
16,621,245,3.027821984116521
16,613,425,3.055591107840137
16,590,271,2.6031205910161823
16,591,622,2.626124375404275
16,588,621,3.1168046560435676
16,589,241,3.026532408833033
16,614,590,2.4584747176976456
16,591,522,2.8346692644706355
16,591,235,3.171377447749579
16,592,581,2.5513129242148507
16,593,459,2.9172352778983432
16,594,237,2.9943035623363303
16,601,595,2.8043020459839827
16,592,570,2.510717494128695
16,594,256,2.903506324648215
16,595,265,2.793500382269579
16,596,389,2.654736963141648
16,597,594,2.363377821061471
16,598,227,2.8904254944510677
16,599,458,2.3948054287951086
16,577,589,2.4029404177842912
16,599,474,2.6442304712527958
16,601,585,2.3796541630800156
16,602,254,3.1114829534230912
16,603,593,2.5321347239219043
16,600,218,2.518359466712538
16,600,562,2.9651895587982975
16,601,617,2.7350334144876824
16,602,581,2.897622133034155
16,603,571,2.425049181894029
16,604,580,3.069181699218861
16,606,537,2.5307150261440516
16,607,584,2.3890837016826376
16,604,281,3.383785803174177
16,605,580,2.741465801744134
16,606,612,2.5523292903195403
16,607,246,2.8387949738162708
16,608,279,2.77321594537481
16,609,456,2.585319144863158
16,582,395,2.501472161026789
16,611,270,2.6027892107043535
16,612,525,2.85097745802157
16,609,440,2.742554387475312
16,610,259,2.566550514855454
16,615,620,2.6384768509911405
16,595,513,2.7249312971974042
16,613,392,2.461412022353077
16,614,610,2.5103827440418294
16,599,615,2.5680558178005093
16,606,617,2.4361501094465705
16,618,602,2.4970304830643615
16,603,621,2.6668626924215992
16,616,410,2.72396320649642
16,617,569,3.209299565603841
16,618,216,2.5750727582884987
16,267,619,2.6104122697211842
16,592,620,2.5648179496764376
16,587,255,2.63678004222547
16,622,409,3.0631521074686505
16,579,623,2.6873987852247416
16,621,213,2.8925058001052126
16,621,501,2.9107987253150056
16,622,394,2.7701539383711338
16,623,407,3.0700114116391757
17,411,613,2.4332284920327774
17,612,525,3.072195249961003
17,615,258,2.9814214065285976
17,614,195,2.795048582818253
17,596,413,2.4461312020346875
17,620,484,2.7874844125101204
17,577,604,2.5480394903706105
17,607,578,2.5144033086145816
17,579,608,2.516632307637282
17,618,605,2.8147979918090758
17,619,598,2.727746175768033
17,583,616,2.373627377106286
17,597,264,2.553818150717628
17,596,417,2.6505938304836834
17,589,586,2.6736850831204957
17,591,611,2.4375809369582866
17,590,271,2.5157894231493994
17,576,228,3.0360861841495574
17,609,472,2.5890756917708155
17,577,281,2.839780117086968
17,579,215,2.6047524685575443
17,580,268,2.71204185610702
17,581,576,2.7942347275920714
17,582,426,2.741249321967462
17,583,600,2.46833190260611
17,588,217,2.5772293738788603
17,582,408,2.497676119779047
17,583,252,3.267824560402686
17,584,246,2.699053671599226
17,585,505,2.511919960824881
17,586,241,2.970803287212441
17,587,598,2.82413263512578
17,588,587,2.389608711906602
17,621,245,3.1748947331481303
17,613,425,2.9497337454354584
17,591,622,2.531592014346085
17,588,621,2.701493473837898
17,589,221,2.6131399289599178
17,614,590,2.486054633250734
17,591,522,2.499545306965847
17,592,581,2.517282318964702
17,593,459,2.7451960869617826
17,594,256,2.877649376270351
17,601,595,2.4984470490195827
17,592,570,2.4459497309927194
17,593,539,2.8844892512432287
17,594,237,3.0299967922540056
17,596,389,2.4869868739276026
17,597,594,2.461315069767212
17,598,227,3.0179020151486498
17,599,602,2.7730701740887933
17,577,589,2.380308564461619
17,597,512,2.855202593389013
17,598,593,3.093882660155375
17,599,474,2.773828758202391
17,600,218,2.5769875738336983
17,601,585,2.474492017477985
17,602,212,2.839679757308871
17,603,593,2.4007191632525013
17,601,553,2.7276699786477443
17,602,581,2.726632100346091
17,603,571,2.509258375595614
17,604,580,2.860335837236968
17,605,576,3.2329783854697687
17,606,537,2.466143306507105
17,607,584,2.4553224408160848
17,604,192,3.186848236742305
17,606,612,2.568516489714036
17,607,214,2.7227919028419283
17,609,456,2.4232612648435716
17,582,395,2.5085603438700255
17,608,279,2.7883388263396904
17,578,278,2.7379620774128774
17,611,534,3.0812815696821096
17,612,595,2.7274144963696285
17,609,440,2.9048772366294715
17,610,259,2.657963529595255
17,615,538,2.601307313249192
17,595,513,2.6828493876753794
17,613,392,2.7191644970528768
17,614,610,2.5316094322841085
17,615,599,2.3773927387776896
17,616,410,3.1673641743058507
17,606,617,2.584445164436807
17,618,602,2.3806084432297157
17,603,621,2.714740849837783
17,616,521,2.859279561445554
17,617,569,2.9564759143425854
17,618,216,2.6718767079616343
17,267,619,2.5099501826587867
17,592,620,2.459991524018498
17,587,255,2.7291415789664
17,622,394,3.0257983220754694
17,579,623,2.4680677939998885
17,621,213,2.8432994331932133
17,622,507,3.1474377697941325
17,623,247,2.744363049583628
18,613,411,2.6847279144065053
18,615,620,2.445553628317089
18,614,195,2.8313655091502414
18,596,413,2.5597107574200706
18,620,490,2.5895287509679545
18,577,604,2.4189612742755253
18,607,578,2.3889378665329346
18,579,608,2.448680335647478
18,618,605,2.498924859771754
18,619,598,2.7685480403679867
18,583,616,2.4830958645116703
18,617,489,2.828185437532194
18,596,417,2.5144194455889033
18,589,221,2.5784533147357958
18,591,611,2.3984884056470483
18,590,271,2.3841463457335212
18,576,228,2.8514954899365175
18,609,472,2.4438753031684484
18,623,247,2.6753792266374115
18,576,580,2.8731360913402866
18,577,281,2.7433801085274236
18,579,215,2.555736220244389
18,580,268,2.5647370862612773
18,581,576,2.7985414099747077
18,582,426,2.954143019512871
18,583,600,2.546031625170126
18,588,217,2.786221765890439
18,581,244,2.780715939901175
18,582,408,2.5092274714921556
18,583,504,2.5478682349665287
18,584,246,2.796851694483809
18,585,505,2.4719908478690216
18,587,507,2.477479836853836
18,586,585,2.8511263481785947
18,587,588,2.452268477182205
18,621,245,3.2451286668147077
18,613,586,2.6387682840373152
18,591,622,2.5523242790559153
18,588,621,3.216117184234667
18,589,509,3.0163478768453067
18,614,590,2.416599880546172
18,591,522,2.4808543891474093
18,592,581,2.5937794725111587
18,593,475,2.801899114639305
18,594,237,3.0690285518491796
18,601,595,2.4567990615134927
18,592,212,2.4496204564188537
18,593,539,2.754171860405951
18,594,256,2.5883953871190695
18,595,513,2.668125992465572
18,596,389,2.56875175986867
18,597,594,2.436208299702293
18,599,458,2.8948330165166407
18,577,589,2.5098580779632464
18,597,512,2.729165027413991
18,598,555,3.0085110812491447
18,599,570,2.6913726591788483
18,600,562,2.9028010505984034
18,601,585,2.651711869930683
18,602,599,3.0794524141072737
18,593,603,2.514820085706082
18,601,553,2.6231625137907555
18,602,254,3.007592621495153
18,603,571,2.6197162636683715
18,604,580,2.6824797364922053
18,605,576,2.78383516355595
18,606,537,2.43104204599149
18,607,584,2.5333196163553824
18,604,192,3.1433033976064784
18,606,612,2.473281557779564
18,607,214,2.6701625460202814
18,608,569,2.9550986965156945
18,608,279,2.925676258510713
18,609,456,2.560991551145562
18,582,395,2.653603912608859
18,578,278,2.8531261530107184
18,611,534,2.8294506519923024
18,612,257,2.797401748581861
18,609,440,2.6045329496350305
18,610,259,3.244595338648736
18,615,538,2.5422104788920783
18,613,392,2.4519907039971645
18,614,610,2.5173436174608836
18,615,599,2.5797536726772403
18,616,489,3.1792323324637572
18,606,617,2.445559648001099
18,618,602,2.7421111124755297
18,603,621,2.7535105355361935
18,618,216,2.518863220881733
18,267,619,2.5224248581621684
18,592,570,2.8467743933483054
18,587,598,2.644975269962475
18,622,394,2.955085080909977
18,579,623,2.5246242013857825
18,620,484,3.172020256773179
18,621,213,2.7723100384630137
19,613,411,2.753959547032305
19,612,525,2.970454702291463
19,615,258,2.4292312305241386
19,614,195,2.678452948702568
19,596,413,2.546603915826658
19,577,604,2.6502358796902357
19,607,578,2.580315206460516
19,579,608,2.402072109470605
19,618,605,2.6252015724812177
19,619,598,2.715098385257297
19,583,616,2.361301181580666
19,617,489,2.8177258493895354
19,264,597,2.381685659203599
19,596,417,2.5752383030032533
19,591,611,2.7380530607023554
19,590,271,2.647351933703175
19,576,228,2.9232280263442294
19,580,520,2.753861158119952
19,609,472,2.542854349628866
19,623,505,2.5450432828111365
19,576,580,2.8802727977588605
19,577,281,2.9709408713284535
19,579,215,2.7728024219734544
19,580,268,2.730277793778752
19,581,576,3.127030087354494
19,582,426,2.7457753386293535
19,583,600,2.7336489429763886
19,588,217,2.5748806135223683
19,581,244,3.097865400886267
19,582,408,2.5085558798682506
19,585,623,2.7143762566432392
19,586,585,3.123413285267602
19,587,255,2.860857840334877
19,584,246,2.7389337909024625
19,585,553,2.578903569168479
19,586,233,2.810124895910938
19,588,587,2.388967911617604
19,613,586,2.445033764652587
19,591,622,2.4232676081530555
19,588,621,2.679666707392977
19,589,221,2.7015667304449016
19,614,590,2.4453661758753453
19,591,522,2.6312633428574617
19,592,581,2.582684301666602
19,593,475,3.2157982124931963
19,594,256,2.6153370976581245
19,601,595,2.5703878682942705
19,592,212,2.5142496188724404
19,593,539,3.0555038335312723
19,595,541,2.6628541005980497
19,596,389,2.4423086366184865
19,597,594,2.5017543108053366
19,598,227,3.025459788272893
19,577,589,2.3925573146521146
19,597,512,2.7584958613443797
19,598,593,2.891420882135011
19,599,474,2.955463846984787
19,600,218,2.802470774322981
19,601,585,2.4633966740476194
19,603,593,2.509814787778036
19,601,513,2.7532586984116145
19,602,599,2.623579882314805
19,603,571,2.4460709749724727
19,604,580,3.0533637231219175
19,605,604,2.8484845723982404
19,606,537,2.5551439998563867
19,607,584,2.5027886799169528
19,604,192,2.9282528909672885
19,605,576,2.719833371626931
19,606,612,2.5984624754593395
19,607,214,2.6716237120300335
19,608,473,2.897544296950521
19,609,456,2.529832459333504
19,582,395,2.5386370475457545
19,611,270,2.615806677942508
19,608,569,2.7132993463062074
19,578,278,2.676493278450768
19,610,539,2.843572260962725
19,611,194,3.2007640159569717
19,609,440,2.6254844040168948
19,610,259,3.0439955442741913
19,615,538,2.56574813820105
19,613,392,2.663206383720818
19,614,610,2.6121888744283224
19,615,611,2.5552833691779373
19,616,410,2.5804035631438693
19,606,617,2.4236346847535484
19,618,602,2.613001561756752
19,603,621,2.8968070134234387
19,616,393,2.9066817878191147
19,618,216,2.584696271233145
19,267,619,2.5093729063450056
19,592,620,2.672998101058755
19,587,598,2.8984329423265316
19,622,507,2.9309602045792817
19,579,623,2.51886798597451
19,620,276,2.7821308157407176
19,620,484,3.0106758752179914
19,621,213,2.8533504515090717
19,622,409,2.8931836644873954
19,623,219,2.6895009007217996
20,613,411,2.556750202125646
20,615,258,2.5092806430575663
20,614,195,2.4473473407006443
20,596,413,2.608801566619181
20,620,276,3.1648072175105457
20,577,604,2.9689571100748493
20,607,578,2.446391853940858
20,608,579,2.6828870237955993
20,618,605,2.416656489848507
20,619,598,2.626409746563989
20,583,616,2.4728935616733407
20,597,264,2.4010982949860185
20,596,417,2.887445432658767
20,589,241,3.266505471444437
20,591,611,2.899755262364464
20,590,271,2.6118685426911097
20,576,604,2.714316745439976
20,580,520,2.5649514566830223
20,609,472,2.6671921727737833
20,623,505,2.668266975750239
20,623,253,3.088188305132127
20,576,532,2.945896514295945
20,576,192,3.1249152411347416
20,577,221,3.0160083485268765
20,578,486,2.940056881190845
20,578,278,3.0069801940057377
20,579,215,2.809425054826296
20,580,576,2.5396907612782487
20,581,428,2.761118241702386
20,582,426,2.622376228806881
20,583,600,2.4409807693333616
20,588,217,2.5642833822183877
20,581,385,3.1080382419744503
20,582,408,2.5721826374337504
20,583,252,2.8655448221907065
20,584,246,2.9682491529538124
20,585,623,2.7472775803481913
20,586,589,2.793604597687979
20,587,255,2.763903677130685
20,585,553,2.681606489126197
20,586,585,3.011775046918079
20,588,587,2.5534655674132276
20,621,245,3.0212010635023345
20,613,586,2.574920318589816
20,591,622,2.4238261577796028
20,588,621,2.4513645658214234
20,580,589,2.537450658501067
20,614,590,2.3928705304124036
20,591,522,2.5468046200295347
20,592,581,2.399054215742502
20,593,459,2.7776920837138026
20,594,256,2.6856177567065322
20,601,595,2.5739050117173856
20,592,212,2.5872035694958546
20,593,539,2.5998940116255604
20,595,541,2.726261357415982
20,596,389,2.505207844931305
20,597,594,2.455275650939693
20,598,227,2.743329336618671
20,599,458,3.1698462637920892
20,589,577,2.6122462883714026
20,601,585,2.4638078478789316
20,602,570,2.8109996326779094
20,603,593,2.4706806574558398
20,600,218,2.4501278900934746
20,601,513,2.581579706116464
20,602,599,2.6084477220650633
20,603,571,2.442736305061421
20,604,281,2.5291079440785564
20,605,216,2.4845858261446727
20,606,537,2.698830137746276
20,607,584,2.5662196899893073
20,606,612,2.6447652813355056
20,607,214,2.418337516010842
20,608,457,2.897227871820521
20,609,456,2.511112296392329
20,582,395,2.5517592043220936
20,611,270,2.587359467337594
20,611,534,3.0141785001102046
20,608,569,2.4740465161580447
20,611,194,3.172707903951663
20,612,525,2.794624963084771
20,609,440,2.5372952427892272
20,610,259,2.724873157744622
20,615,611,2.5604733203214525
20,613,392,2.7583276374094043
20,614,610,2.4429425710494526
20,615,538,2.5551924380884636
20,615,202,3.03687950520715
20,616,521,3.2171254330444135
20,606,617,2.5363794561372175
20,618,602,2.4182321012540493
20,603,621,2.9675507368832195
20,616,410,2.810570451939628
20,617,489,2.672072863844106
20,618,244,2.996396027859485
20,267,619,2.45782696307941
20,592,620,2.633100508930983
20,587,598,2.832102198409653
20,622,409,2.666926079942553
20,579,623,3.225723680306532
20,621,213,2.687859440261602
20,622,507,2.7238723690635145
20,623,219,2.7258842916507153
