O index,O index,distance
192,192,0.0
192,288,2.468265576635255
192,340,2.6004906666586893
192,384,2.769495411318632
192,436,2.579261606506341
192,480,2.65684506150318
192,532,2.650439233185862
192,580,2.9823948519495267
193,193,0.0
193,289,2.606020789814038
193,341,2.6192743372435503
193,385,2.5198545039028746
193,437,2.6461143778033245
193,481,2.679947045530971
193,533,2.637048996656407
194,194,0.0
194,290,2.6534879675141774
194,342,2.637207683744788
194,386,2.641535966757172
194,438,2.669645861331232
194,482,2.651117759034784
194,534,2.6126897372230005
195,195,0.0
195,291,2.6625083989040785
195,343,2.6854076334730457
195,387,2.573723519323533
195,439,2.609307761165568
195,483,2.7006172988022366
195,535,2.552952000012729
196,196,0.0
196,292,2.593230831430095
196,337,2.750278858646994
196,388,2.621994255829078
196,433,2.6499037041095908
196,484,2.6622252219147704
196,528,2.553907890054486
197,197,0.0
197,293,2.6415208946966113
197,336,2.6825254246635097
197,389,2.5456296203152187
197,432,2.58091041756869
197,485,2.724760297450696
197,529,2.5714980500807174
198,198,0.0
198,294,2.7185800647818645
198,339,2.608200622161714
198,390,2.690982615398858
198,435,2.6448621615972683
198,486,2.527891968940047
198,530,2.6767164929531964
199,199,0.0
199,295,2.6372137658630534
199,338,2.509828048885195
199,391,2.4962557859491588
199,434,2.7110083232277598
199,487,2.4933493585375177
199,531,2.69707869771577
200,200,0.0
200,296,2.544251955961817
200,344,2.6561467779085555
200,392,2.6551820753042725
200,440,2.7229827555866835
200,488,2.5703988993408355
200,536,2.4771203927075205
200,613,2.809982176750595
201,201,0.0
201,297,2.5620838388410796
201,345,2.6835270091816277
201,393,2.6438714220857538
201,441,2.660115291865183
201,489,2.554297892726727
201,537,2.6054348022569984
201,612,2.9251475484291714
202,202,0.0
202,298,2.544512989452584
202,346,2.6905582112699786
202,394,2.751101446675091
202,442,2.6037571832835242
202,490,2.555789754309276
202,538,2.4686089760588117
203,203,0.0
203,299,2.5942178932684095
203,347,2.6292952430562315
203,395,2.6869475251955106
203,443,2.7100797216152643
203,491,2.5932355295348044
203,539,2.556850996888292
203,610,2.5912385938119926
204,204,0.0
204,300,2.6512190497227532
204,349,2.6266976303260794
204,396,2.63421138958534
204,445,2.633332005614055
204,492,2.59458920495221
204,540,2.6023282275150157
205,205,0.0
205,301,2.622933201410593
205,348,2.519208171814778
205,397,2.5540805723917615
205,444,2.665752636019681
205,493,2.6982129719854195
205,541,2.6406361445271815
206,206,0.0
206,302,2.7468988721347865
206,351,2.6883717736728
206,398,2.682519772494212
206,447,2.638900214234257
206,494,2.6260444949601327
206,542,2.604335306087235
207,207,0.0
207,303,2.793992334684832
207,350,2.6091022702881825
207,399,2.5273678354494455
207,446,2.6575777728925876
207,495,2.648558646541221
207,543,2.615797007092012
208,208,0.0
208,304,2.564093319701674
208,380,2.6128479691357525
208,400,2.6940548612210367
208,476,2.7249505910486462
208,498,2.6404305861451878
208,572,2.6485816561621665
209,209,0.0
209,305,2.6330822091755475
209,381,2.624229634467588
209,401,2.6102301904383594
209,477,2.732494403838953
209,499,2.666685569703113
209,573,2.7072435081003494
210,210,0.0
210,306,2.636500226407845
210,382,2.64175398539659
210,402,2.5949399895011873
210,478,2.472292215204043
210,496,2.613378063863722
210,574,2.6107593369489983
211,211,0.0
211,307,2.6459178055572505
211,383,2.5902388039857147
211,403,2.604805834446879
211,479,2.739227548873356
211,497,2.634191899950951
211,575,2.667672583322767
212,212,0.0
212,310,2.642886873799461
212,378,2.8506265277484717
212,404,2.657800150973175
212,474,2.831311962559056
212,500,2.57773555809874
212,570,2.731043498485913
212,620,2.5645867309496304
213,213,0.0
213,311,2.7258924695888243
213,379,2.9796174173269074
213,405,2.648700979780368
213,475,2.8415245214783273
213,501,2.492049116706473
213,571,2.740624244896725
213,621,2.734521077425563
214,214,0.0
214,308,2.6165349320862767
214,376,2.7569151567549373
214,406,2.731030327673156
214,472,2.900866835073446
214,502,2.5171858547912374
214,568,2.716984925207432
214,578,2.6646196301774445
215,215,0.0
215,309,2.601929526626336
215,377,2.81389174489392
215,407,2.7520625148520024
215,473,2.674869774575105
215,503,2.5124956891572343
215,569,2.810927566128975
215,623,2.6090697061179853
216,216,0.0
216,312,2.760382598912293
216,368,2.6942327308092295
216,464,2.608712367999389
216,506,2.770794777797142
216,560,2.585271795927062
216,618,2.421099174119738
217,217,0.0
217,313,2.8256739487488773
217,369,2.6860085609445385
217,409,2.904228858458678
217,465,2.6732943044839517
217,507,2.7854202107985393
217,561,2.564561851906818
218,218,0.0
218,314,2.911751191451594
218,370,2.6964783972489714
218,410,2.8656054028213584
218,466,2.581651095568709
218,504,2.6768197485009946
218,562,2.5267143877239504
218,616,2.74247007834897
219,219,0.0
219,315,2.925764278257339
219,371,2.605244217346546
219,411,2.7501090978795952
219,467,2.6802028198927585
219,505,2.790614162869627
219,563,2.605514970647915
219,601,2.557484558219786
220,220,0.0
220,318,2.885803582921725
220,374,2.562253955553101
220,470,2.6442605349902046
220,508,2.8102790297399927
220,566,2.646766615967284
221,221,0.0
221,319,2.8077391315779145
221,375,2.513063051177309
221,471,2.7336230499281506
221,509,2.5894667779363876
221,567,2.6466743648073425
221,577,2.505250322954566
222,222,0.0
222,316,2.9209529767525932
222,372,2.5822933940541466
222,414,2.9420219788747346
222,468,2.633169200495932
222,510,2.61716934630303
222,564,2.703386901889807
223,223,0.0
223,317,2.9757993051885
223,373,2.71679000810471
223,415,2.9524844505542394
223,469,2.7423634955103298
223,511,2.7291307530847213
223,565,2.6807010133254723
224,224,0.0
224,320,2.763107077856782
224,360,2.5067290564836786
224,416,2.69399119649842
224,456,2.6850329984683476
224,512,2.527191508814391
224,552,2.5053033160265707
225,225,0.0
225,321,2.6729340929893213
225,361,2.7458904771940644
225,417,2.4370447528387236
225,457,2.5478830333991223
225,513,2.6017757266097425
225,553,2.677784890634242
226,226,0.0
226,322,2.6319228390544818
226,362,2.5471700298132456
226,418,2.6639793916723242
226,458,2.5827785140889277
226,514,2.7287696159142447
226,554,2.5784917097735605
227,227,0.0
227,323,2.685913325569164
227,363,2.612243558457205
227,419,2.652235918736421
227,459,2.5629622529456655
227,515,2.6541390303507
227,555,2.5162514899172987
228,228,0.0
228,324,2.665263190164371
228,364,2.6661251755610946
228,420,2.5848446876952487
228,460,2.6913303654067424
228,516,2.5808360259106222
228,556,2.66000347539248
229,229,0.0
229,325,2.6571464450002753
229,365,2.594616664254303
229,421,2.600695839634386
229,461,2.6866972727970664
229,517,2.6341717275322725
229,557,2.5704344152502516
230,230,0.0
230,270,2.907988194674503
230,326,2.7132235850318915
230,366,2.5890621673172323
230,422,2.6722877155756355
230,462,2.7481523500908596
230,518,2.5942270655890622
230,558,2.5814334607321574
230,584,2.812150117125559
231,231,0.0
231,327,2.625158289316956
231,367,2.60307321982012
231,423,2.5651074643775194
231,463,2.6322665168271286
231,519,2.5587446419031568
231,559,2.503742069774787
232,232,0.0
232,329,2.554202613358987
232,356,2.655516818128959
232,424,2.6834062578708866
232,452,2.674225453911548
232,521,2.660219787091925
232,548,2.5550847766470484
233,233,0.0
233,328,2.751331947636603
233,357,2.559223337537238
233,425,2.719187951415934
233,453,2.638563018281854
233,520,2.429166425020471
233,549,2.6733753293170044
234,234,0.0
234,331,2.563835582856346
234,358,2.689361623987601
234,426,2.727897668155971
234,454,2.6025260137331356
234,523,2.579685135441044
234,550,2.6280248356004323
235,235,0.0
235,330,2.685234580904379
235,359,2.6252402151627834
235,427,2.6134754738854253
235,455,2.5272430397879475
235,522,2.566740876470888
235,551,2.634421326154018
236,236,0.0
236,333,2.7000042832911246
236,352,2.6345595362459604
236,428,2.6418346170365856
236,448,2.706514188174516
236,525,2.5867736192703155
236,544,2.6896185017602905
237,237,0.0
237,332,2.586777861145832
237,353,2.519838370663013
237,429,2.601613711789513
237,449,2.750736461681445
237,524,2.6566727805977792
237,545,2.7002739017530666
238,238,0.0
238,335,2.477911271428982
238,354,2.570833467638103
238,430,2.585276224955465
238,450,2.5332975649695273
238,527,2.5813253774053453
238,546,2.5488700648507767
238,598,2.5837405598545704
239,239,0.0
239,334,2.708820175324644
239,355,2.6277796757735965
239,431,2.7099364631829213
239,451,2.6047525298574152
239,526,2.7183807505881807
239,547,2.464763362495685
240,240,0.0
240,304,2.6358351641673257
240,360,2.6107874993889624
240,416,2.6248469120744775
240,476,2.7321984044592003
240,508,2.651969146625195
240,548,2.59606776260851
241,241,0.0
241,305,2.6195027540756555
241,361,2.6729983719480734
241,417,2.603560673008028
241,477,2.5678778793610735
241,509,2.606189317902961
241,549,2.668595857124821
242,242,0.0
242,306,2.6167733351990274
242,362,2.52018242285231
242,418,2.7053615703723994
242,478,2.564524277622342
242,510,2.6614069274482626
242,550,2.5339599594222944
243,243,0.0
243,307,2.609740414856629
243,363,2.54643214814447
243,419,2.812212452530561
243,479,2.6523264600546104
243,511,2.454377851625645
243,551,2.6009679303915565
244,244,0.0
244,312,2.5444990209044587
244,352,2.6439469002160116
244,428,2.590924573884734
244,464,2.5941620281081565
244,500,2.6192939705271536
244,556,2.5371011735149893
245,245,0.0
245,313,2.7252574953198927
245,353,2.6843226207608817
245,429,2.6882020528110497
245,465,2.692492391780873
245,501,2.621391645979352
245,557,2.6209030832698237
245,588,2.5747269940548296
246,246,0.0
246,314,2.715144981606984
246,354,2.6092037529618213
246,430,2.5908817499283145
246,466,2.701634924568801
246,502,2.695733161601086
246,558,2.565240703149121
247,247,0.0
247,315,2.643183936802445
247,355,2.6306765330047246
247,431,2.6116453952958283
247,467,2.7381857298303545
247,503,2.570226225283267
247,559,2.6161920057629615
248,248,0.0
248,316,2.694644709915955
248,364,2.632974139723209
248,420,2.601999798986549
248,468,2.604892209920442
248,496,2.693973013355502
248,544,2.634519761218279
249,249,0.0
249,317,2.746228064401926
249,365,2.7307012925691794
249,421,2.541413947666092
249,469,2.677999233996166
249,497,2.5760751580066694
249,545,2.647789151736272
250,250,0.0
250,318,2.6379061211979398
250,366,2.4640745826037675
250,422,2.683652551933416
250,470,2.762239825942098
250,498,2.677675176911401
250,546,2.62058658105693
251,251,0.0
251,319,2.661889654290263
251,367,2.7403232211750614
251,423,2.681039746507807
251,471,2.678343076032214
251,499,2.634934401803128
251,547,2.644557513949384
252,252,0.0
252,308,2.687863880959893
252,356,2.7320324522898494
252,424,2.6648121261237883
252,472,2.6401067450361233
252,504,2.571196027158825
252,552,2.5305643079421776
253,253,0.0
253,309,2.6635529352865155
253,357,2.6235214600312
253,425,2.689539207572534
253,473,2.6321368856178915
253,505,2.6135407995382613
253,553,2.6181606981353367
254,254,0.0
254,310,2.650303178528706
254,358,2.6659303773799103
254,426,2.5873435798362814
254,474,2.5937830286122
254,506,2.569460405858457
254,554,2.5850665904904204
255,255,0.0
255,311,2.5672513297639212
255,359,2.660020697255771
255,427,2.7031319732757764
255,475,2.674148162318632
255,507,2.5839370570327045
255,555,2.7070785789767444
256,256,0.0
256,320,2.7177813272193525
256,340,2.8032178372984013
256,384,2.681522063672738
256,456,2.7109712146754137
256,524,2.5876177865093344
256,536,2.712155780332016
256,597,2.4091200970337927
257,257,0.0
257,321,2.705178825769837
257,341,2.7299728659340095
257,385,2.6912298233420193
257,457,2.959101291277796
257,525,2.441841142591597
257,537,2.831418153201211
257,595,2.711017336372005
258,258,0.0
258,322,2.624072008400433
258,342,2.7954941852870583
258,386,2.58103043877296
258,458,2.8199571870836464
258,526,2.61252307059788
258,538,2.69897855296836
259,259,0.0
259,323,2.528353264760496
259,387,2.65303639853127
259,527,2.6299502839015014
259,539,2.722199305443785
259,614,2.7040638486206037
260,260,0.0
260,328,2.5803488877011747
260,349,2.633141243664819
260,396,2.7429372834676675
260,453,2.6440829538891375
260,516,2.591611928916275
260,528,2.6235721515577444
261,261,0.0
261,329,2.6971002946044234
261,348,2.753386848242649
261,397,2.5940618727601397
261,452,2.6958403760962883
261,517,2.5916086502567226
261,529,2.717066853879361
262,262,0.0
262,330,2.6612452324118325
262,351,2.721153936993446
262,398,2.6800073658837547
262,455,2.6057623825718084
262,518,2.644515972705572
262,530,2.6055781586454025
263,263,0.0
263,331,2.547989623776547
263,350,2.7209402221081658
263,399,2.5671246156092624
263,454,2.7774629811951073
263,519,2.5618792117031335
263,531,2.680245145335021
264,264,0.0
264,332,2.702662976762043
264,337,2.72498941680177
264,388,2.8577262715941507
264,449,2.598349819811834
264,512,2.8287327853011317
264,540,2.5971216140638376
265,265,0.0
265,333,2.8085427101444775
265,336,2.5480125587482267
265,389,2.717395073757821
265,448,2.6073224645428787
265,513,2.9362935711299123
265,541,2.5418750277545867
266,266,0.0
266,334,2.815223662695021
266,339,2.6523349239110208
266,390,2.9745771507897265
266,451,2.6959647201859194
266,514,2.5913549212475995
266,542,2.6317295393614835
267,267,0.0
267,335,2.864700599837112
267,338,2.7539864072780595
267,391,2.7933257949486996
267,450,2.6573295054378328
267,515,2.7352263708735065
267,543,2.5312091744490184
267,619,2.5579733834732608
268,268,0.0
268,324,2.9727770124174806
268,344,2.651823343519053
268,392,2.8068828919422555
268,460,2.622993052168324
268,520,2.7423039755031655
268,532,2.525502050048783
269,269,0.0
269,325,2.879628710994262
269,345,2.6887904377107583
269,393,2.945792081178123
269,461,2.6159532880916054
269,521,2.7245278478503607
269,533,2.566949942013647
270,230,2.907988194674503
270,270,0.0
270,326,2.6004104129639365
270,346,2.7033775269022096
270,394,2.9984775116100244
270,462,2.546557188124406
270,522,2.7633200302018177
270,534,2.71696170286134
271,271,0.0
271,327,2.837477892071429
271,347,2.5894551071168905
271,395,2.7617001828137355
271,463,2.693984386817426
271,523,2.8845698191252223
271,535,2.57174651571442
271,590,2.4171979030014668
272,272,0.0
272,288,2.6346845092627147
272,380,2.7041582867748577
272,400,2.7184849464983527
272,436,2.67933625082922
272,494,2.6785627228369657
272,560,2.5158592311080237
273,273,0.0
273,289,2.6735429758365865
273,381,2.704281046091497
273,401,2.6842028354132537
273,437,2.654645548829968
273,495,2.718521063083302
273,561,2.663852104529585
274,274,0.0
274,290,2.510427163436429
274,382,2.6863128253140034
274,402,2.705791940848023
274,438,2.5614454022440634
274,492,2.5195286142871467
274,562,2.5412254422630047
275,275,0.0
275,291,2.614122707645804
275,383,2.5959963248343696
275,403,2.612453125093859
275,439,2.5894644630091443
275,493,2.6166663500650205
275,563,2.6390305100112346
276,276,0.0
276,298,2.664302252560202
276,374,2.6672636310934172
276,412,2.747250657369714
276,442,2.6935708134336225
276,484,2.570754920825728
276,570,2.5244267329319356
276,576,2.790574516937617
277,277,0.0
277,299,2.5793073527383754
277,375,2.6138904245176904
277,413,2.5853680235252843
277,443,2.6557844277937073
277,485,2.554817140530027
277,571,2.5190445938304777
277,593,2.9503607903282996
278,278,0.0
278,296,2.6018040809820335
278,372,2.6453217035870824
278,414,2.6961300347606767
278,440,2.6086458979066873
278,486,2.5771781038299153
278,568,2.577874899874384
279,279,0.0
279,297,2.6339416411759524
279,373,2.5978668600916164
279,415,2.690613554358297
279,441,2.661927344120773
279,487,2.6444094767566955
279,569,2.6440435125171415
280,280,0.0
280,303,2.698707968090715
280,378,2.603422118010962
280,404,2.6391192355228097
280,446,2.6457022674130037
280,481,2.566890861463591
280,566,2.670291451552606
281,281,0.0
281,302,2.663761125787001
281,379,2.6796820368325323
281,405,2.569290619487444
281,447,2.546623480241553
281,480,2.6689836566535656
281,567,2.649702348143328
282,282,0.0
282,301,2.737936896492928
282,376,2.6796268587214245
282,406,2.620547863117483
282,444,2.5501797664904267
282,483,2.4965703539262267
282,564,2.559542333851534
283,283,0.0
283,300,2.683519759104668
283,377,2.6049194565461424
283,407,2.619952951418268
283,445,2.550432784461694
283,482,2.687904748681964
283,565,2.6645760407561423
284,284,0.0
284,293,2.6502652628505996
284,368,2.6620689509517415
284,408,2.7099750972722005
284,432,2.7350687197545533
284,491,2.5085785957671294
284,572,2.6677352581159597
285,285,0.0
285,292,2.550411968429788
285,369,2.6143373662541047
285,409,2.633886409703433
285,433,2.7341367209229976
285,490,2.6312773660481215
285,573,2.618213411652535
286,286,0.0
286,295,2.7576480983149247
286,370,2.7172479782608945
286,410,2.6606597256729754
286,434,2.670112085883351
286,489,2.619079661648211
286,574,2.5491263452927457
287,287,0.0
287,294,2.6774836788007885
287,371,2.6783159531963108
287,411,2.6554462293660017
287,435,2.632566988578838
287,488,2.697362925942975
287,575,2.563153422899022
288,192,2.468265576635255
288,272,2.6346845092627147
288,288,0.0
288,384,2.649443726916555
288,400,2.595450646593924
288,480,2.5941729110799243
288,494,2.5486206208366147
289,193,2.606020789814038
289,273,2.6735429758365865
289,289,0.0
289,385,2.540021093612647
289,401,2.622121591024557
289,481,2.6085625664393883
289,495,2.6146265068127157
290,194,2.6534879675141774
290,274,2.510427163436429
290,290,0.0
290,386,2.7545122445887844
290,402,2.601856200302364
290,482,2.562034017538007
290,492,2.6379840780228068
291,195,2.6625083989040785
291,275,2.614122707645804
291,291,0.0
291,387,2.629932718980157
291,403,2.6856928416372035
291,483,2.6521060533933314
291,493,2.6126222325922015
292,196,2.593230831430095
292,285,2.550411968429788
292,292,0.0
292,388,2.695632525216847
292,409,2.6039071445363553
292,484,2.6048773630839177
292,490,2.6313837284252557
293,197,2.6415208946966113
293,284,2.6502652628505996
293,293,0.0
293,389,2.657746908763457
293,408,2.5413271057078304
293,485,2.6437385005352603
293,491,2.7655725874386827
294,198,2.7185800647818645
294,287,2.6774836788007885
294,294,0.0
294,390,2.6790471123568196
294,411,2.603635183823503
294,486,2.6450711256378097
294,488,2.6734606760393453
295,199,2.6372137658630534
295,286,2.7576480983149247
295,295,0.0
295,391,2.611028530705418
295,410,2.5908043990690706
295,487,2.714013450486016
295,489,2.6228215033311884
296,200,2.544251955961817
296,278,2.6018040809820335
296,296,0.0
296,392,2.6759711515911606
296,414,2.573268087648763
296,486,2.6951009132019297
296,488,2.6626092443111173
297,201,2.5620838388410796
297,279,2.6339416411759524
297,297,0.0
297,393,2.713734289081851
297,415,2.636272409179978
297,487,2.7295691909612505
297,489,2.6720240538022835
298,202,2.544512989452584
298,276,2.664302252560202
298,298,0.0
298,394,2.734605674380048
298,412,2.54513829123789
298,484,2.651966413537531
298,490,2.656405229312427
299,203,2.5942178932684095
299,277,2.5793073527383754
299,299,0.0
299,395,2.6605528366443925
299,413,2.641169642799181
299,485,2.6826740812220065
299,491,2.673377178837819
300,204,2.6512190497227532
300,283,2.683519759104668
300,300,0.0
300,396,2.566794130665285
300,407,2.743043878901386
300,482,2.5663938958172836
300,492,2.5622221504971217
301,205,2.622933201410593
301,282,2.737936896492928
301,301,0.0
301,397,2.569612527593037
301,406,2.6743000181038714
301,483,2.6170996665311392
301,493,2.5653431603838888
302,206,2.7468988721347865
302,281,2.663761125787001
302,302,0.0
302,398,2.603382743590444
302,405,2.626508607724695
302,480,2.654594763150602
302,494,2.5280047921666364
303,207,2.793992334684832
303,280,2.698707968090715
303,303,0.0
303,399,2.6101864860483563
303,404,2.647300346055153
303,481,2.6104285818701913
303,495,2.5920506540536707
304,208,2.564093319701674
304,240,2.6358351641673257
304,304,0.0
304,400,2.632646928609673
304,416,2.6420090022562093
304,498,2.717425897194652
304,508,2.659035933963294
305,209,2.6330822091755475
305,241,2.6195027540756555
305,305,0.0
305,401,2.6593351465151147
305,417,2.7355899142970066
305,499,2.622928356086366
305,509,2.8165548243115537
306,210,2.636500226407845
306,242,2.6167733351990274
306,306,0.0
306,402,2.7442441706894756
306,418,2.5678491539205046
306,496,2.572650368994516
306,510,2.657443817187548
307,211,2.6459178055572505
307,243,2.609740414856629
307,307,0.0
307,403,2.66214579266477
307,419,2.567012633681206
307,497,2.5649493390936975
307,511,2.665958810558968
308,214,2.6165349320862767
308,252,2.687863880959893
308,308,0.0
308,406,2.7505965329680113
308,424,2.578450308561718
308,502,2.6696276562800776
308,504,2.681523134475485
309,215,2.601929526626336
309,253,2.6635529352865155
309,309,0.0
309,407,2.6361996394571032
309,425,2.6569206088287096
309,503,2.6510445516950933
309,505,2.6145180791850406
310,212,2.642886873799461
310,254,2.650303178528706
310,310,0.0
310,404,2.634159593520738
310,426,2.5383443557067564
310,500,2.701476802839023
310,506,2.6837731422802
311,213,2.7258924695888243
311,255,2.5672513297639212
311,311,0.0
311,405,2.600178002651999
311,427,2.628465381062504
311,501,2.616670564636087
311,507,2.716921318450062
312,216,2.760382598912293
312,244,2.5444990209044587
312,312,0.0
312,408,2.81075763336455
312,428,2.6868407667172884
312,500,2.7189411187888206
313,217,2.8256739487488773
313,245,2.7252574953198927
313,313,0.0
313,409,2.826217923348205
313,429,2.588704298813852
313,501,2.7189699776062803
313,507,2.8887252741262017
314,218,2.911751191451594
314,246,2.715144981606984
314,314,0.0
314,410,2.866406851339719
314,430,2.744735732259937
314,502,2.6235697447498074
314,504,2.8329194295483493
315,219,2.925764278257339
315,247,2.643183936802445
315,315,0.0
315,411,2.943021232394592
315,431,2.6595017415161393
315,503,2.7571143965691283
316,222,2.9209529767525932
316,248,2.694644709915955
316,316,0.0
316,414,2.9571550900797665
316,420,2.6179180032912264
316,496,2.6169488040139686
317,223,2.9757993051885
317,249,2.746228064401926
317,317,0.0
317,415,2.920451386979595
317,421,2.663523169235061
317,497,2.5513800425501376
317,511,2.9916601362638318
318,220,2.885803582921725
318,250,2.6379061211979398
318,318,0.0
318,412,2.848398908129155
318,422,2.632173487398987
318,498,2.6746877524435324
318,508,2.890858079344365
319,221,2.8077391315779145
319,251,2.661889654290263
319,319,0.0
319,413,2.8696901623622164
319,423,2.5544524075648187
319,499,2.672866503361198
319,509,2.8974801314017933
320,224,2.763107077856782
320,256,2.7177813272193525
320,320,0.0
320,332,2.933476957606133
320,384,2.5110667083869185
320,416,2.6163004276599127
320,512,2.534764039981799
320,524,2.6507862768402224
321,225,2.6729340929893213
321,257,2.705178825769837
321,321,0.0
321,385,2.5759235682847357
321,417,2.7089249097539057
321,513,2.639786038529934
321,525,2.730510957137431
322,226,2.6319228390544818
322,258,2.624072008400433
322,322,0.0
322,386,2.53615844367886
322,418,2.583913737488523
322,514,2.7550266776606835
322,526,2.561570197153046
323,227,2.685913325569164
323,259,2.528353264760496
323,323,0.0
323,387,2.6613964610216945
323,419,2.570917756118147
323,515,2.716163531252118
323,527,2.6371916761107297
324,228,2.665263190164371
324,268,2.9727770124174806
324,324,0.0
324,392,2.870203008833928
324,420,2.7651510709354254
324,516,2.651942156951893
324,520,2.7628858725852457
325,229,2.6571464450002753
325,269,2.879628710994262
325,325,0.0
325,393,2.8942633042010644
325,421,2.518879510958768
325,517,2.4869238028892497
325,521,2.963771188284499
326,230,2.7132235850318915
326,270,2.6004104129639365
326,326,0.0
326,394,2.785485805586841
326,422,2.6648172765397984
326,518,2.5723719282379047
326,522,2.807224689224723
327,231,2.625158289316956
327,271,2.837477892071429
327,327,0.0
327,395,2.9661981845594125
327,423,2.598696619848446
327,519,2.6418393249287577
327,523,2.851435288703278
328,233,2.751331947636603
328,260,2.5803488877011747
328,328,0.0
328,396,2.6589430719599965
328,425,2.6342523073825928
328,516,2.6417867605464855
328,520,2.6703276914305962
329,232,2.554202613358987
329,261,2.6971002946044234
329,329,0.0
329,397,2.6855349743543084
329,424,2.6120171932122656
329,517,2.780548860808598
329,521,2.7342437268535735
330,235,2.685234580904379
330,262,2.6612452324118325
330,330,0.0
330,398,2.6909453976371607
330,427,2.6560171824762007
330,518,2.6600946468249997
330,522,2.75787089993276
331,234,2.563835582856346
331,263,2.547989623776547
331,331,0.0
331,399,2.553875288535874
331,426,2.59566040640506
331,519,2.7592933726404936
331,523,2.690192683832377
332,237,2.586777861145832
332,264,2.702662976762043
332,320,2.933476957606133
332,332,0.0
332,388,2.933499298151437
332,429,2.5337144013562685
332,512,2.9096995844754625
332,524,2.632196361988522
333,236,2.7000042832911246
333,265,2.8085427101444775
333,333,0.0
333,389,2.9664667284402504
333,428,2.618487617980395
333,513,2.795648784729197
333,525,2.680982177710695
334,239,2.708820175324644
334,266,2.815223662695021
334,334,0.0
334,390,2.867526245477524
334,431,2.570538438844507
334,514,2.9176970762430963
334,526,2.5699129551888547
335,238,2.477911271428982
335,267,2.864700599837112
335,335,0.0
335,391,2.8811495798562063
335,430,2.7324008846114842
335,515,2.8770394607035277
335,527,2.638940226522924
336,197,2.6825254246635097
336,265,2.5480125587482267
336,336,0.0
336,432,2.601842211176403
336,448,2.5658651560460486
336,529,2.6893351392592666
336,541,2.594295291649633
337,196,2.750278858646994
337,264,2.72498941680177
337,337,0.0
337,433,2.682163685308223
337,449,2.6322463992495173
337,528,2.63815733980037
337,540,2.6393454122030926
338,199,2.509828048885195
338,267,2.7539864072780595
338,338,0.0
338,434,2.5360168380828503
338,450,2.5868162319358055
338,531,2.7138803694844325
338,543,2.8469450150157805
339,198,2.608200622161714
339,266,2.6523349239110208
339,339,0.0
339,435,2.642539402559603
339,451,2.4346235399968843
339,530,2.546126434058727
339,542,2.6744470429992204
340,192,2.6004906666586893
340,256,2.8032178372984013
340,340,0.0
340,436,2.5173586885486308
340,456,2.7890152261804033
340,532,2.6960350998613034
340,536,2.7629530586456306
341,193,2.6192743372435503
341,257,2.7299728659340095
341,341,0.0
341,437,2.6277126739778094
341,457,2.7988178875532297
341,533,2.779725961078219
341,537,2.8848886661315887
342,194,2.637207683744788
342,258,2.7954941852870583
342,342,0.0
342,438,2.567590941988191
342,458,2.8911455727753954
342,534,2.5666808619905934
342,538,2.947225927036594
343,195,2.6854076334730457
343,343,0.0
343,439,2.664546581860458
343,459,2.837355513471409
343,535,2.6612842459664408
343,539,2.8467663563331413
344,200,2.6561467779085555
344,268,2.651823343519053
344,344,0.0
344,440,2.5421907091605815
344,460,2.579986028762784
344,532,2.7064063465168107
344,536,2.676671095346132
345,201,2.6835270091816277
345,269,2.6887904377107583
345,345,0.0
345,441,2.5523910783866506
345,461,2.5936824248994808
345,533,2.687414935307304
345,537,2.674644923803705
346,202,2.6905582112699786
346,270,2.7033775269022096
346,346,0.0
346,442,2.5998490043634055
346,462,2.5303287676190047
346,534,2.6082812589792446
346,538,2.676122062572752
347,203,2.6292952430562315
347,271,2.5894551071168905
347,347,0.0
347,443,2.483090678852348
347,463,2.6460136972748916
347,535,2.656842684544995
347,539,2.6856896810875863
348,205,2.519208171814778
348,261,2.753386848242649
348,348,0.0
348,444,2.6505978339889213
348,452,2.612940614688568
348,529,2.6718893155180115
348,541,2.697947170540477
349,204,2.6266976303260794
349,260,2.633141243664819
349,349,0.0
349,445,2.645599240052475
349,453,2.645303832749611
349,528,2.72803711970924
349,540,2.6168046919141417
350,207,2.6091022702881825
350,263,2.7209402221081658
350,350,0.0
350,446,2.586021642386496
350,454,2.4597841866244665
350,531,2.559090177043692
350,543,2.7485196637297813
351,206,2.6883717736728
351,262,2.721153936993446
351,351,0.0
351,447,2.5539064940245138
351,455,2.67933420412187
351,530,2.4947452411531574
351,542,2.6507766459742643
352,236,2.6345595362459604
352,244,2.6439469002160116
352,352,0.0
352,448,2.5228786521461366
352,464,2.7612722623697925
352,544,2.6070570110761433
352,556,2.6793790441105143
353,237,2.519838370663013
353,245,2.6843226207608817
353,353,0.0
353,449,2.6369644041941505
353,465,2.6615388720634403
353,545,2.6486853839627513
353,557,2.6628759895019227
354,238,2.570833467638103
354,246,2.6092037529618213
354,354,0.0
354,450,2.6881096854423756
354,466,2.5877665940766565
354,546,2.689015931156249
354,558,2.742961988886744
355,239,2.6277796757735965
355,247,2.6306765330047246
355,355,0.0
355,451,2.701179596554439
355,467,2.626270393029195
355,547,2.632761426733557
355,559,2.6560144174420253
356,232,2.655516818128959
356,252,2.7320324522898494
356,356,0.0
356,452,2.6436244395094612
356,472,2.6238879373551063
356,548,2.600241532297173
356,552,2.6858868080699443
357,233,2.559223337537238
357,253,2.6235214600312
357,357,0.0
357,453,2.588662145339479
357,473,2.6885219121798665
357,549,2.6558081996926974
357,553,2.688637821318278
358,234,2.689361623987601
358,254,2.6659303773799103
358,358,0.0
358,454,2.575955208510152
358,474,2.520765349279746
358,550,2.6091413996557926
358,554,2.6444459469944492
359,235,2.6252402151627834
359,255,2.660020697255771
359,359,0.0
359,455,2.5996137573035156
359,475,2.736844713708587
359,551,2.658480398026107
359,555,2.6912547912627915
360,224,2.5067290564836786
360,240,2.6107874993889624
360,360,0.0
360,456,2.582885433241368
360,476,2.7186350991781953
360,548,2.746656218672418
360,552,2.7076688574330063
361,225,2.7458904771940644
361,241,2.6729983719480734
361,361,0.0
361,457,2.6020012908720918
361,477,2.588958988767493
361,549,2.6354582773509594
361,553,2.625264124132189
362,226,2.5471700298132456
362,242,2.52018242285231
362,362,0.0
362,458,2.6261693317025783
362,478,2.608832569010218
362,550,2.6366028291438575
362,554,2.5674711869517
363,227,2.612243558457205
363,243,2.54643214814447
363,363,0.0
363,459,2.6844921676942026
363,479,2.5967160519178263
363,551,2.699790525664066
363,555,2.7428714219738377
364,228,2.6661251755610946
364,248,2.632974139723209
364,364,0.0
364,460,2.5851995070862235
364,468,2.5665146074594647
364,544,2.6082258136679344
364,556,2.643700971204641
365,229,2.594616664254303
365,249,2.7307012925691794
365,365,0.0
365,461,2.533651115546786
365,469,2.6198935619661565
365,545,2.6975242185705737
365,557,2.585694003480524
366,230,2.5890621673172323
366,250,2.4640745826037675
366,366,0.0
366,462,2.691206937669169
366,470,2.54913648515755
366,546,2.698787309974615
366,558,2.6360417102236458
367,231,2.60307321982012
367,251,2.7403232211750614
367,367,0.0
367,463,2.659160629254551
367,471,2.611051677058976
367,547,2.5467324915290357
367,559,2.6775187334432453
368,216,2.6942327308092295
368,284,2.6620689509517415
368,368,0.0
368,432,2.4961261050820642
368,464,2.5883023316952567
368,560,2.7671300652724016
368,572,2.6446945837435516
369,217,2.6860085609445385
369,285,2.6143373662541047
369,369,0.0
369,433,2.691185112001356
369,465,2.6312315532358834
369,561,2.758584250580863
369,573,2.550494758142597
370,218,2.6964783972489714
370,286,2.7172479782608945
370,370,0.0
370,434,2.5849431579989837
370,466,2.5561089202233918
370,562,2.7455009030918975
370,574,2.5486715940492815
371,219,2.605244217346546
371,287,2.6783159531963108
371,371,0.0
371,435,2.667690138781906
371,467,2.6453811758269183
371,563,2.6875844833406686
371,575,2.581719217023225
372,222,2.5822933940541466
372,278,2.6453217035870824
372,372,0.0
372,440,2.4784136565696624
372,468,2.570462014300479
372,564,2.6028090458726525
372,568,2.6465403782976105
373,223,2.71679000810471
373,279,2.5978668600916164
373,373,0.0
373,441,2.664932255902291
373,469,2.7119399645519873
373,565,2.5739092702895174
373,569,2.6647427678599542
374,220,2.562253955553101
374,276,2.6672636310934172
374,374,0.0
374,442,2.5449898560709845
374,470,2.60405582559567
374,566,2.717167084905982
374,570,2.6099415444278082
375,221,2.513063051177309
375,277,2.6138904245176904
375,375,0.0
375,443,2.6158918624346827
375,471,2.5916018041943483
375,567,2.6736711484511173
375,571,2.680373222511868
376,214,2.7569151567549373
376,282,2.6796268587214245
376,376,0.0
376,444,2.6353616446281287
376,472,2.900592065215858
376,564,2.65431022382444
376,568,2.809110591252631
377,215,2.81389174489392
377,283,2.6049194565461424
377,377,0.0
377,445,2.683020374968404
377,473,2.9155957615059935
377,565,2.715129878634093
377,569,2.7847131970530454
378,212,2.8506265277484717
378,280,2.603422118010962
378,378,0.0
378,446,2.669189647148524
378,474,2.887455574941994
378,566,2.6159749948190107
378,570,2.8139458556696337
379,213,2.9796174173269074
379,281,2.6796820368325323
379,379,0.0
379,447,2.559562829757134
379,475,2.798882347892337
379,567,2.675308571712301
379,571,2.8291463396580574
380,208,2.6128479691357525
380,272,2.7041582867748577
380,380,0.0
380,436,2.6700986056833513
380,476,2.551485761849799
380,560,2.735487547378498
380,572,2.637032957669497
381,209,2.624229634467588
381,273,2.704281046091497
381,381,0.0
381,437,2.6416965189973354
381,477,2.5984770476765107
381,561,2.6767885303365273
381,573,2.6079279545603558
382,210,2.64175398539659
382,274,2.6863128253140034
382,382,0.0
382,438,2.6102351335019036
382,478,2.6717902737582975
382,562,2.6706116528333195
382,574,2.721810538978958
383,211,2.5902388039857147
383,275,2.5959963248343696
383,383,0.0
383,439,2.6110838040640756
383,479,2.6626001977301113
383,563,2.5689136707538753
383,575,2.5358104702938937
384,192,2.769495411318632
384,256,2.681522063672738
384,288,2.649443726916555
384,320,2.5110667083869185
384,384,0.0
384,480,2.650605304496853
384,524,2.598388449795842
385,193,2.5198545039028746
385,257,2.6912298233420193
385,289,2.540021093612647
385,321,2.5759235682847357
385,385,0.0
385,481,2.5937160018168655
385,525,2.614540806606847
386,194,2.641535966757172
386,258,2.58103043877296
386,290,2.7545122445887844
386,322,2.53615844367886
386,386,0.0
386,482,2.5918460475783633
386,526,2.649735675844728
387,195,2.573723519323533
387,259,2.65303639853127
387,291,2.629932718980157
387,323,2.6613964610216945
387,387,0.0
387,483,2.6346143599422915
387,527,2.662702991595404
388,196,2.621994255829078
388,264,2.8577262715941507
388,292,2.695632525216847
388,332,2.933499298151437
388,388,0.0
388,484,2.68473020555657
388,512,2.757975836507509
389,197,2.5456296203152187
389,265,2.717395073757821
389,293,2.657746908763457
389,333,2.9664667284402504
389,389,0.0
389,485,2.65181619912687
389,513,2.6590293496886597
389,596,2.4285661154880764
390,198,2.690982615398858
390,266,2.9745771507897265
390,294,2.6790471123568196
390,334,2.867526245477524
390,390,0.0
390,486,2.5876994144639283
390,514,2.7473915468606496
391,199,2.4962557859491588
391,267,2.7933257949486996
391,295,2.611028530705418
391,335,2.8811495798562063
391,391,0.0
391,487,2.5070695127605283
391,515,2.9815569557873736
392,200,2.6551820753042725
392,268,2.8068828919422555
392,296,2.6759711515911606
392,324,2.870203008833928
392,392,0.0
392,488,2.7160350064097902
392,585,2.6591911471811684
393,201,2.6438714220857538
393,269,2.945792081178123
393,297,2.713734289081851
393,325,2.8942633042010644
393,393,0.0
393,489,2.5867368682327765
393,521,2.7644429476972916
394,202,2.751101446675091
394,270,2.9984775116100244
394,298,2.734605674380048
394,326,2.785485805586841
394,394,0.0
394,490,2.6094317400538327
394,522,2.7319800676937374
395,203,2.6869475251955106
395,271,2.7617001828137355
395,299,2.6605528366443925
395,327,2.9661981845594125
395,395,0.0
395,491,2.600726692292035
395,523,2.6230946012992242
395,582,2.867324888755145
396,204,2.63421138958534
396,260,2.7429372834676675
396,300,2.566794130665285
396,328,2.6589430719599965
396,396,0.0
396,492,2.5632181953952196
396,516,2.599463858879601
397,205,2.5540805723917615
397,261,2.5940618727601397
397,301,2.569612527593037
397,329,2.6855349743543084
397,397,0.0
397,493,2.676958723729988
397,517,2.6978659157007834
398,206,2.682519772494212
398,262,2.6800073658837547
398,302,2.603382743590444
398,330,2.6909453976371607
398,398,0.0
398,494,2.6062111687178557
398,518,2.6809380255322397
399,207,2.5273678354494455
399,263,2.5671246156092624
399,303,2.6101864860483563
399,331,2.553875288535874
399,399,0.0
399,495,2.6831412334997697
399,519,2.6789238890236504
400,208,2.6940548612210367
400,272,2.7184849464983527
400,288,2.595450646593924
400,304,2.632646928609673
400,400,0.0
400,494,2.603594041316647
400,498,2.632989834585121
401,209,2.6102301904383594
401,273,2.6842028354132537
401,289,2.622121591024557
401,305,2.6593351465151147
401,401,0.0
401,495,2.6626983936342046
401,499,2.5986351549703226
402,210,2.5949399895011873
402,274,2.705791940848023
402,290,2.601856200302364
402,306,2.7442441706894756
402,402,0.0
402,492,2.6375904905060215
402,496,2.6326831170882357
403,211,2.604805834446879
403,275,2.612453125093859
403,291,2.6856928416372035
403,307,2.66214579266477
403,403,0.0
403,493,2.584376972586123
403,497,2.5694368554836533
404,212,2.657800150973175
404,280,2.6391192355228097
404,303,2.647300346055153
404,310,2.634159593520738
404,404,0.0
404,481,2.6919217089214866
404,500,2.6522772542088697
405,213,2.648700979780368
405,281,2.569290619487444
405,302,2.626508607724695
405,311,2.600178002651999
405,405,0.0
405,480,2.6001939788687256
405,501,2.732122871202884
406,214,2.731030327673156
406,282,2.620547863117483
406,301,2.6743000181038714
406,308,2.7505965329680113
406,406,0.0
406,483,2.510399656121496
406,502,2.5873040012076554
407,215,2.7520625148520024
407,283,2.619952951418268
407,300,2.743043878901386
407,309,2.6361996394571032
407,407,0.0
407,482,2.617710922211548
407,503,2.590736399194655
408,284,2.7099750972722005
408,293,2.5413271057078304
408,312,2.81075763336455
408,408,0.0
408,491,2.6931702917350293
408,506,2.7672833228716014
409,217,2.904228858458678
409,285,2.633886409703433
409,292,2.6039071445363553
409,313,2.826217923348205
409,409,0.0
409,490,2.618292766943724
409,507,2.761806784873857
410,218,2.8656054028213584
410,286,2.6606597256729754
410,295,2.5908043990690706
410,314,2.866406851339719
410,410,0.0
410,489,2.66457070392844
410,504,2.885862927686866
411,219,2.7501090978795952
411,287,2.6554462293660017
411,294,2.603635183823503
411,315,2.943021232394592
411,411,0.0
411,488,2.7020538030373107
411,505,2.6671668451873938
411,617,2.5293372549812956
412,276,2.747250657369714
412,298,2.54513829123789
412,318,2.848398908129155
412,412,0.0
412,484,2.645984898230953
412,508,2.743070571687561
413,277,2.5853680235252843
413,299,2.641169642799181
413,319,2.8696901623622164
413,413,0.0
413,485,2.654012830272396
413,509,2.7482083851618953
413,596,2.4125663083605655
414,222,2.9420219788747346
414,278,2.6961300347606767
414,296,2.573268087648763
414,316,2.9571550900797665
414,414,0.0
414,486,2.601104270912669
414,510,2.8531917590706968
415,223,2.9524844505542394
415,279,2.690613554358297
415,297,2.636272409179978
415,317,2.920451386979595
415,415,0.0
415,487,2.6655954032780667
415,511,2.844416001731917
416,224,2.69399119649842
416,240,2.6248469120744775
416,304,2.6420090022562093
416,320,2.6163004276599127
416,416,0.0
416,508,2.6281706508567204
416,512,2.6553338799684623
417,225,2.4370447528387236
417,241,2.603560673008028
417,305,2.7355899142970066
417,321,2.7089249097539057
417,417,0.0
417,509,2.576574759932631
417,513,2.654773468085105
417,596,2.8242548667538974
418,226,2.6639793916723242
418,242,2.7053615703723994
418,306,2.5678491539205046
418,322,2.583913737488523
418,418,0.0
418,510,2.672697354779872
418,514,2.5745746322345417
419,227,2.652235918736421
419,243,2.812212452530561
419,307,2.567012633681206
419,323,2.570917756118147
419,419,0.0
419,511,2.684319246930793
419,515,2.6641148084173523
420,228,2.5848446876952487
420,248,2.601999798986549
420,316,2.6179180032912264
420,324,2.7651510709354254
420,420,0.0
420,496,2.6843278931176004
420,516,2.5745585128454676
421,229,2.600695839634386
421,249,2.541413947666092
421,317,2.663523169235061
421,325,2.518879510958768
421,421,0.0
421,497,2.698800437998602
421,517,2.613304727178521
422,230,2.6722877155756355
422,250,2.683652551933416
422,318,2.632173487398987
422,326,2.6648172765397984
422,422,0.0
422,498,2.6192154240924816
422,518,2.536793102279473
423,231,2.5651074643775194
423,251,2.681039746507807
423,319,2.5544524075648187
423,327,2.598696619848446
423,423,0.0
423,499,2.544696288576048
423,519,2.660589518947313
424,232,2.6834062578708866
424,252,2.6648121261237883
424,308,2.578450308561718
424,329,2.6120171932122656
424,424,0.0
424,504,2.656813357907816
424,521,2.7015704057331984
425,233,2.719187951415934
425,253,2.689539207572534
425,309,2.6569206088287096
425,328,2.6342523073825928
425,425,0.0
425,505,2.726667230928202
425,520,2.62672901588834
425,585,2.8734707109794564
426,234,2.727897668155971
426,254,2.5873435798362814
426,310,2.5383443557067564
426,331,2.59566040640506
426,426,0.0
426,506,2.6326739683757974
426,523,2.539592218413413
427,235,2.6134754738854253
427,255,2.7031319732757764
427,311,2.628465381062504
427,330,2.6560171824762007
427,427,0.0
427,507,2.614740357253762
427,522,2.6723629000616818
428,236,2.6418346170365856
428,244,2.590924573884734
428,312,2.6868407667172884
428,333,2.618487617980395
428,428,0.0
428,500,2.624939132006954
428,525,2.5961071084865615
429,237,2.601613711789513
429,245,2.6882020528110497
429,313,2.588704298813852
429,332,2.5337144013562685
429,429,0.0
429,501,2.6670694890736657
429,524,2.6066607083552213
430,238,2.585276224955465
430,246,2.5908817499283145
430,314,2.744735732259937
430,335,2.7324008846114842
430,430,0.0
430,502,2.5486132093559557
430,527,2.538118889402901
431,239,2.7099364631829213
431,247,2.6116453952958283
431,315,2.6595017415161393
431,334,2.570538438844507
431,431,0.0
431,503,2.642648732363095
431,526,2.702205997119992
432,197,2.58091041756869
432,284,2.7350687197545533
432,336,2.601842211176403
432,368,2.4961261050820642
432,432,0.0
432,529,2.578327463043745
432,572,2.5035114555772386
433,196,2.6499037041095908
433,285,2.7341367209229976
433,337,2.682163685308223
433,369,2.691185112001356
433,433,0.0
433,528,2.590110757059508
433,573,2.6628826112538233
434,199,2.7110083232277598
434,286,2.670112085883351
434,338,2.5360168380828503
434,370,2.5849431579989837
434,434,0.0
434,531,2.532928308566381
434,574,2.5453876291770356
435,198,2.6448621615972683
435,287,2.632566988578838
435,339,2.642539402559603
435,371,2.667690138781906
435,435,0.0
435,530,2.617201361186736
435,575,2.568542650722411
436,192,2.579261606506341
436,272,2.67933625082922
436,340,2.5173586885486308
436,380,2.6700986056833513
436,436,0.0
436,532,2.515537935748119
436,560,2.580025794850012
437,193,2.6461143778033245
437,273,2.654645548829968
437,341,2.6277126739778094
437,381,2.6416965189973354
437,437,0.0
437,533,2.5010391478823233
437,561,2.576516759273473
438,194,2.669645861331232
438,274,2.5614454022440634
438,342,2.567590941988191
438,382,2.6102351335019036
438,438,0.0
438,534,2.5717870674419423
438,562,2.6024977305657058
439,195,2.609307761165568
439,275,2.5894644630091443
439,343,2.664546581860458
439,383,2.6110838040640756
439,439,0.0
439,535,2.5806367006906563
439,563,2.546287863651001
440,200,2.7229827555866835
440,278,2.6086458979066873
440,344,2.5421907091605815
440,372,2.4784136565696624
440,440,0.0
440,536,2.7073216580622166
440,568,2.6212029481613843
441,201,2.660115291865183
441,279,2.661927344120773
441,345,2.5523910783866506
441,373,2.664932255902291
441,441,0.0
441,537,2.6199926448627164
441,569,2.582446884713585
442,202,2.6037571832835242
442,276,2.6935708134336225
442,346,2.5998490043634055
442,374,2.5449898560709845
442,442,0.0
442,538,2.6794040316403414
442,570,2.543954521606388
443,203,2.7100797216152643
443,277,2.6557844277937073
443,347,2.483090678852348
443,375,2.6158918624346827
443,443,0.0
443,539,2.7454400227556772
443,571,2.6455570267817747
444,205,2.665752636019681
444,282,2.5501797664904267
444,348,2.6505978339889213
444,376,2.6353616446281287
444,444,0.0
444,541,2.600380387346713
444,564,2.647666237530931
445,204,2.633332005614055
445,283,2.550432784461694
445,349,2.645599240052475
445,377,2.683020374968404
445,445,0.0
445,540,2.561716983942625
445,565,2.498174220849088
446,207,2.6575777728925876
446,280,2.6457022674130037
446,350,2.586021642386496
446,378,2.669189647148524
446,446,0.0
446,543,2.603502029308429
446,566,2.525462887425125
447,206,2.638900214234257
447,281,2.546623480241553
447,351,2.5539064940245138
447,379,2.559562829757134
447,447,0.0
447,542,2.601557119494834
447,567,2.5522285367385047
448,236,2.706514188174516
448,265,2.6073224645428787
448,336,2.5658651560460486
448,352,2.5228786521461366
448,448,0.0
448,541,2.6914558107611533
448,544,2.568510265392796
449,237,2.750736461681445
449,264,2.598349819811834
449,337,2.6322463992495173
449,353,2.6369644041941505
449,449,0.0
449,540,2.596564248044069
449,545,2.5544423116062784
450,238,2.5332975649695273
450,267,2.6573295054378328
450,338,2.5868162319358055
450,354,2.6881096854423756
450,450,0.0
450,543,2.558523752883721
450,546,2.6178829115898856
451,239,2.6047525298574152
451,266,2.6959647201859194
451,339,2.4346235399968843
451,355,2.701179596554439
451,451,0.0
451,542,2.7183325919081853
451,547,2.6868736215672575
452,232,2.674225453911548
452,261,2.6958403760962883
452,348,2.612940614688568
452,356,2.6436244395094612
452,452,0.0
452,529,2.6387881260290778
452,548,2.6545852860072423
453,233,2.638563018281854
453,260,2.6440829538891375
453,349,2.645303832749611
453,357,2.588662145339479
453,453,0.0
453,528,2.583993634557469
453,549,2.6009526065631423
454,234,2.6025260137331356
454,263,2.7774629811951073
454,350,2.4597841866244665
454,358,2.575955208510152
454,454,0.0
454,531,2.547250149584823
454,550,2.6234026205583163
455,235,2.5272430397879475
455,262,2.6057623825718084
455,351,2.67933420412187
455,359,2.5996137573035156
455,455,0.0
455,530,2.5669030474468766
455,551,2.721742114739681
456,224,2.6850329984683476
456,256,2.7109712146754137
456,340,2.7890152261804033
456,360,2.582885433241368
456,456,0.0
456,536,2.780408415324214
456,552,2.672400416953606
456,609,2.9927911653217985
457,225,2.5478830333991223
457,257,2.959101291277796
457,341,2.7988178875532297
457,361,2.6020012908720918
457,457,0.0
457,537,2.850431338720038
457,553,2.592937919186177
458,226,2.5827785140889277
458,258,2.8199571870836464
458,342,2.8911455727753954
458,362,2.6261693317025783
458,458,0.0
458,538,2.713935173229658
458,554,2.604284926706021
459,227,2.5629622529456655
459,343,2.837355513471409
459,363,2.6844921676942026
459,459,0.0
459,539,2.700484391547417
459,555,2.479433912522879
459,603,2.65366763780812
460,228,2.6913303654067424
460,268,2.622993052168324
460,344,2.579986028762784
460,364,2.5851995070862235
460,460,0.0
460,532,2.6442436093057484
460,556,2.623448322753789
461,229,2.6866972727970664
461,269,2.6159532880916054
461,345,2.5936824248994808
461,365,2.533651115546786
461,461,0.0
461,533,2.616603922017706
461,557,2.645160106005952
462,230,2.7481523500908596
462,270,2.546557188124406
462,346,2.5303287676190047
462,366,2.691206937669169
462,462,0.0
462,534,2.62276946206959
462,558,2.561816956483761
463,231,2.6322665168271286
463,271,2.693984386817426
463,347,2.6460136972748916
463,367,2.659160629254551
463,463,0.0
463,535,2.748901495053288
463,559,2.6976484336061355
464,216,2.608712367999389
464,244,2.5941620281081565
464,352,2.7612722623697925
464,368,2.5883023316952567
464,464,0.0
464,556,2.7615578137558336
464,560,2.58918585294973
465,217,2.6732943044839517
465,245,2.692492391780873
465,353,2.6615388720634403
465,369,2.6312315532358834
465,465,0.0
465,557,2.608846368862651
465,561,2.6071831715418217
466,218,2.581651095568709
466,246,2.701634924568801
466,354,2.5877665940766565
466,370,2.5561089202233918
466,466,0.0
466,558,2.591207960500892
466,562,2.6532898246867074
467,219,2.6802028198927585
467,247,2.7381857298303545
467,355,2.626270393029195
467,371,2.6453811758269183
467,467,0.0
467,559,2.6765710755295093
467,563,2.7176857073638527
468,222,2.633169200495932
468,248,2.604892209920442
468,364,2.5665146074594647
468,372,2.570462014300479
468,468,0.0
468,544,2.5881521491749218
468,564,2.6224957960965547
469,223,2.7423634955103298
469,249,2.677999233996166
469,365,2.6198935619661565
469,373,2.7119399645519873
469,469,0.0
469,545,2.5456827238270923
469,565,2.6589636038347044
470,220,2.6442605349902046
470,250,2.762239825942098
470,366,2.54913648515755
470,374,2.60405582559567
470,470,0.0
470,546,2.632567149035612
470,566,2.5813090833140815
471,221,2.7336230499281506
471,251,2.678343076032214
471,367,2.611051677058976
471,375,2.5916018041943483
471,471,0.0
471,547,2.6390761145566146
471,567,2.666344825457833
472,214,2.900866835073446
472,252,2.6401067450361233
472,356,2.6238879373551063
472,376,2.900592065215858
472,472,0.0
472,552,2.6272119290207026
472,568,2.822845365401066
473,215,2.674869774575105
473,253,2.6321368856178915
473,357,2.6885219121798665
473,377,2.9155957615059935
473,473,0.0
473,553,2.5457277813055517
473,569,2.701889676845181
474,212,2.831311962559056
474,254,2.5937830286122
474,358,2.520765349279746
474,378,2.887455574941994
474,474,0.0
474,554,2.5485387410599327
474,570,2.8271587771654425
474,599,2.8395474264157925
475,213,2.8415245214783273
475,255,2.674148162318632
475,359,2.736844713708587
475,379,2.798882347892337
475,475,0.0
475,555,2.6211647191310377
475,571,2.6179314789795716
475,603,2.559368223135077
476,208,2.7249505910486462
476,240,2.7321984044592003
476,360,2.7186350991781953
476,380,2.551485761849799
476,476,0.0
476,548,2.5745495545882062
476,572,2.5720826733424302
477,209,2.732494403838953
477,241,2.5678778793610735
477,361,2.588958988767493
477,381,2.5984770476765107
477,477,0.0
477,549,2.4436776474743707
477,573,2.6318196986651854
478,210,2.472292215204043
478,242,2.564524277622342
478,362,2.608832569010218
478,382,2.6717902737582975
478,478,0.0
478,550,2.6185261599216956
478,574,2.693845230572811
479,211,2.739227548873356
479,243,2.6523264600546104
479,363,2.5967160519178263
479,383,2.6626001977301113
479,479,0.0
479,551,2.602768691877219
479,575,2.5817349471400832
480,192,2.65684506150318
480,281,2.6689836566535656
480,288,2.5941729110799243
480,302,2.654594763150602
480,384,2.650605304496853
480,405,2.6001939788687256
480,480,0.0
481,193,2.679947045530971
481,280,2.566890861463591
481,289,2.6085625664393883
481,303,2.6104285818701913
481,385,2.5937160018168655
481,404,2.6919217089214866
481,481,0.0
482,194,2.651117759034784
482,283,2.687904748681964
482,290,2.562034017538007
482,300,2.5663938958172836
482,386,2.5918460475783633
482,407,2.617710922211548
482,482,0.0
483,195,2.7006172988022366
483,282,2.4965703539262267
483,291,2.6521060533933314
483,301,2.6170996665311392
483,387,2.6346143599422915
483,406,2.510399656121496
483,483,0.0
484,196,2.6622252219147704
484,276,2.570754920825728
484,292,2.6048773630839177
484,298,2.651966413537531
484,388,2.68473020555657
484,412,2.645984898230953
484,484,0.0
485,197,2.724760297450696
485,277,2.554817140530027
485,293,2.6437385005352603
485,299,2.6826740812220065
485,389,2.65181619912687
485,413,2.654012830272396
485,485,0.0
486,198,2.527891968940047
486,278,2.5771781038299153
486,294,2.6450711256378097
486,296,2.6951009132019297
486,390,2.5876994144639283
486,414,2.601104270912669
486,486,0.0
486,583,2.6524653408844743
487,199,2.4933493585375177
487,279,2.6444094767566955
487,295,2.714013450486016
487,297,2.7295691909612505
487,391,2.5070695127605283
487,415,2.6655954032780667
487,487,0.0
488,200,2.5703988993408355
488,287,2.697362925942975
488,294,2.6734606760393453
488,296,2.6626092443111173
488,392,2.7160350064097902
488,411,2.7020538030373107
488,488,0.0
489,201,2.554297892726727
489,286,2.619079661648211
489,295,2.6228215033311884
489,297,2.6720240538022835
489,393,2.5867368682327765
489,410,2.66457070392844
489,489,0.0
489,608,2.722875324413005
490,202,2.555789754309276
490,285,2.6312773660481215
490,292,2.6313837284252557
490,298,2.656405229312427
490,394,2.6094317400538327
490,409,2.618292766943724
490,490,0.0
490,611,2.947499025633054
491,203,2.5932355295348044
491,284,2.5085785957671294
491,293,2.7655725874386827
491,299,2.673377178837819
491,395,2.600726692292035
491,408,2.6931702917350293
491,491,0.0
492,204,2.59458920495221
492,274,2.5195286142871467
492,290,2.6379840780228068
492,300,2.5622221504971217
492,396,2.5632181953952196
492,402,2.6375904905060215
492,492,0.0
493,205,2.6982129719854195
493,275,2.6166663500650205
493,291,2.6126222325922015
493,301,2.5653431603838888
493,397,2.676958723729988
493,403,2.584376972586123
493,493,0.0
494,206,2.6260444949601327
494,272,2.6785627228369657
494,288,2.5486206208366147
494,302,2.5280047921666364
494,398,2.6062111687178557
494,400,2.603594041316647
494,494,0.0
495,207,2.648558646541221
495,273,2.718521063083302
495,289,2.6146265068127157
495,303,2.5920506540536707
495,399,2.6831412334997697
495,401,2.6626983936342046
495,495,0.0
496,210,2.613378063863722
496,248,2.693973013355502
496,306,2.572650368994516
496,316,2.6169488040139686
496,402,2.6326831170882357
496,420,2.6843278931176004
496,496,0.0
497,211,2.634191899950951
497,249,2.5760751580066694
497,307,2.5649493390936975
497,317,2.5513800425501376
497,403,2.5694368554836533
497,421,2.698800437998602
497,497,0.0
498,208,2.6404305861451878
498,250,2.677675176911401
498,304,2.717425897194652
498,318,2.6746877524435324
498,400,2.632989834585121
498,422,2.6192154240924816
498,498,0.0
499,209,2.666685569703113
499,251,2.634934401803128
499,305,2.622928356086366
499,319,2.672866503361198
499,401,2.5986351549703226
499,423,2.544696288576048
499,499,0.0
500,212,2.57773555809874
500,244,2.6192939705271536
500,310,2.701476802839023
500,312,2.7189411187888206
500,404,2.6522772542088697
500,428,2.624939132006954
500,500,0.0
501,213,2.492049116706473
501,245,2.621391645979352
501,311,2.616670564636087
501,313,2.7189699776062803
501,405,2.732122871202884
501,429,2.6670694890736657
501,501,0.0
502,214,2.5171858547912374
502,246,2.695733161601086
502,308,2.6696276562800776
502,314,2.6235697447498074
502,406,2.5873040012076554
502,430,2.5486132093559557
502,502,0.0
503,215,2.5124956891572343
503,247,2.570226225283267
503,309,2.6510445516950933
503,315,2.7571143965691283
503,407,2.590736399194655
503,431,2.642648732363095
503,503,0.0
504,218,2.6768197485009946
504,252,2.571196027158825
504,308,2.681523134475485
504,314,2.8329194295483493
504,410,2.885862927686866
504,424,2.656813357907816
504,504,0.0
504,616,2.784387743623765
505,219,2.790614162869627
505,253,2.6135407995382613
505,309,2.6145180791850406
505,411,2.6671668451873938
505,425,2.726667230928202
505,505,0.0
505,601,2.8725918948878135
506,216,2.770794777797142
506,254,2.569460405858457
506,310,2.6837731422802
506,408,2.7672833228716014
506,426,2.6326739683757974
506,506,0.0
507,217,2.7854202107985393
507,255,2.5839370570327045
507,311,2.716921318450062
507,313,2.8887252741262017
507,409,2.761806784873857
507,427,2.614740357253762
507,507,0.0
507,587,2.6776928920466156
508,220,2.8102790297399927
508,240,2.651969146625195
508,304,2.659035933963294
508,318,2.890858079344365
508,412,2.743070571687561
508,416,2.6281706508567204
508,508,0.0
509,221,2.5894667779363876
509,241,2.606189317902961
509,305,2.8165548243115537
509,319,2.8974801314017933
509,413,2.7482083851618953
509,417,2.576574759932631
509,509,0.0
509,577,2.8515344612736375
509,596,2.954265330121016
510,222,2.61716934630303
510,242,2.6614069274482626
510,306,2.657443817187548
510,414,2.8531917590706968
510,418,2.672697354779872
510,510,0.0
511,223,2.7291307530847213
511,243,2.454377851625645
511,307,2.665958810558968
511,317,2.9916601362638318
511,415,2.844416001731917
511,419,2.684319246930793
511,511,0.0
512,224,2.527191508814391
512,264,2.8287327853011317
512,320,2.534764039981799
512,332,2.9096995844754625
512,388,2.757975836507509
512,416,2.6553338799684623
512,512,0.0
513,225,2.6017757266097425
513,265,2.9362935711299123
513,321,2.639786038529934
513,333,2.795648784729197
513,389,2.6590293496886597
513,417,2.654773468085105
513,513,0.0
514,226,2.7287696159142447
514,266,2.5913549212475995
514,322,2.7550266776606835
514,334,2.9176970762430963
514,390,2.7473915468606496
514,418,2.5745746322345417
514,514,0.0
515,227,2.6541390303507
515,267,2.7352263708735065
515,323,2.716163531252118
515,335,2.8770394607035277
515,391,2.9815569557873736
515,419,2.6641148084173523
515,515,0.0
515,619,2.6216908803136256
516,228,2.5808360259106222
516,260,2.591611928916275
516,324,2.651942156951893
516,328,2.6417867605464855
516,396,2.599463858879601
516,420,2.5745585128454676
516,516,0.0
517,229,2.6341717275322725
517,261,2.5916086502567226
517,325,2.4869238028892497
517,329,2.780548860808598
517,397,2.6978659157007834
517,421,2.613304727178521
517,517,0.0
518,230,2.5942270655890622
518,262,2.644515972705572
518,326,2.5723719282379047
518,330,2.6600946468249997
518,398,2.6809380255322397
518,422,2.536793102279473
518,518,0.0
519,231,2.5587446419031568
519,263,2.5618792117031335
519,327,2.6418393249287577
519,331,2.7592933726404936
519,399,2.6789238890236504
519,423,2.660589518947313
519,519,0.0
520,233,2.429166425020471
520,268,2.7423039755031655
520,324,2.7628858725852457
520,328,2.6703276914305962
520,425,2.62672901588834
520,520,0.0
520,589,2.7669621207125403
521,232,2.660219787091925
521,269,2.7245278478503607
521,325,2.963771188284499
521,329,2.7342437268535735
521,393,2.7644429476972916
521,424,2.7015704057331984
521,521,0.0
522,235,2.566740876470888
522,270,2.7633200302018177
522,326,2.807224689224723
522,330,2.75787089993276
522,394,2.7319800676937374
522,427,2.6723629000616818
522,522,0.0
522,622,2.4621017690154794
523,234,2.579685135441044
523,271,2.8845698191252223
523,327,2.851435288703278
523,331,2.690192683832377
523,395,2.6230946012992242
523,426,2.539592218413413
523,523,0.0
523,582,2.8224751127782524
524,237,2.6566727805977792
524,256,2.5876177865093344
524,320,2.6507862768402224
524,332,2.632196361988522
524,384,2.598388449795842
524,429,2.6066607083552213
524,524,0.0
525,236,2.5867736192703155
525,257,2.441841142591597
525,321,2.730510957137431
525,333,2.680982177710695
525,385,2.614540806606847
525,428,2.5961071084865615
525,525,0.0
526,239,2.7183807505881807
526,258,2.61252307059788
526,322,2.561570197153046
526,334,2.5699129551888547
526,386,2.649735675844728
526,431,2.702205997119992
526,526,0.0
527,238,2.5813253774053453
527,259,2.6299502839015014
527,323,2.6371916761107297
527,335,2.638940226522924
527,387,2.662702991595404
527,430,2.538118889402901
527,527,0.0
528,196,2.553907890054486
528,260,2.6235721515577444
528,337,2.63815733980037
528,349,2.72803711970924
528,433,2.590110757059508
528,453,2.583993634557469
528,528,0.0
528,605,2.8206805366470333
529,197,2.5714980500807174
529,261,2.717066853879361
529,336,2.6893351392592666
529,348,2.6718893155180115
529,432,2.578327463043745
529,452,2.6387881260290778
529,529,0.0
530,198,2.6767164929531964
530,262,2.6055781586454025
530,339,2.546126434058727
530,351,2.4947452411531574
530,435,2.617201361186736
530,455,2.5669030474468766
530,530,0.0
531,199,2.69707869771577
531,263,2.680245145335021
531,338,2.7138803694844325
531,350,2.559090177043692
531,434,2.532928308566381
531,454,2.547250149584823
531,531,0.0
532,192,2.650439233185862
532,268,2.525502050048783
532,340,2.6960350998613034
532,344,2.7064063465168107
532,436,2.515537935748119
532,460,2.6442436093057484
532,532,0.0
532,586,2.995692839792531
533,193,2.637048996656407
533,269,2.566949942013647
533,341,2.779725961078219
533,345,2.687414935307304
533,437,2.5010391478823233
533,461,2.616603922017706
533,533,0.0
534,194,2.6126897372230005
534,270,2.71696170286134
534,342,2.5666808619905934
534,346,2.6082812589792446
534,438,2.5717870674419423
534,462,2.62276946206959
534,534,0.0
535,195,2.552952000012729
535,271,2.57174651571442
535,343,2.6612842459664408
535,347,2.656842684544995
535,439,2.5806367006906563
535,463,2.748901495053288
535,535,0.0
536,200,2.4771203927075205
536,256,2.712155780332016
536,340,2.7629530586456306
536,344,2.676671095346132
536,440,2.7073216580622166
536,456,2.780408415324214
536,536,0.0
536,613,2.8299116022098465
537,201,2.6054348022569984
537,257,2.831418153201211
537,341,2.8848886661315887
537,345,2.674644923803705
537,441,2.6199926448627164
537,457,2.850431338720038
537,537,0.0
537,612,2.534589473343298
538,202,2.4686089760588117
538,258,2.69897855296836
538,342,2.947225927036594
538,346,2.676122062572752
538,442,2.6794040316403414
538,458,2.713935173229658
538,538,0.0
538,615,2.4650281319302563
539,203,2.556850996888292
539,259,2.722199305443785
539,343,2.8467663563331413
539,347,2.6856896810875863
539,443,2.7454400227556772
539,459,2.700484391547417
539,539,0.0
539,603,2.9771543439524453
540,204,2.6023282275150157
540,264,2.5971216140638376
540,337,2.6393454122030926
540,349,2.6168046919141417
540,445,2.561716983942625
540,449,2.596564248044069
540,540,0.0
541,205,2.6406361445271815
541,265,2.5418750277545867
541,336,2.594295291649633
541,348,2.697947170540477
541,444,2.600380387346713
541,448,2.6914558107611533
541,541,0.0
542,206,2.604335306087235
542,266,2.6317295393614835
542,339,2.6744470429992204
542,351,2.6507766459742643
542,447,2.601557119494834
542,451,2.7183325919081853
542,542,0.0
543,207,2.615797007092012
543,267,2.5312091744490184
543,338,2.8469450150157805
543,350,2.7485196637297813
543,446,2.603502029308429
543,450,2.558523752883721
543,543,0.0
544,236,2.6896185017602905
544,248,2.634519761218279
544,352,2.6070570110761433
544,364,2.6082258136679344
544,448,2.568510265392796
544,468,2.5881521491749218
544,544,0.0
545,237,2.7002739017530666
545,249,2.647789151736272
545,353,2.6486853839627513
545,365,2.6975242185705737
545,449,2.5544423116062784
545,469,2.5456827238270923
545,545,0.0
546,238,2.5488700648507767
546,250,2.62058658105693
546,354,2.689015931156249
546,366,2.698787309974615
546,450,2.6178829115898856
546,470,2.632567149035612
546,546,0.0
546,598,2.843857355857371
547,239,2.464763362495685
547,251,2.644557513949384
547,355,2.632761426733557
547,367,2.5467324915290357
547,451,2.6868736215672575
547,471,2.6390761145566146
547,547,0.0
548,232,2.5550847766470484
548,240,2.59606776260851
548,356,2.600241532297173
548,360,2.746656218672418
548,452,2.6545852860072423
548,476,2.5745495545882062
548,548,0.0
549,233,2.6733753293170044
549,241,2.668595857124821
549,357,2.6558081996926974
549,361,2.6354582773509594
549,453,2.6009526065631423
549,477,2.4436776474743707
549,549,0.0
550,234,2.6280248356004323
550,242,2.5339599594222944
550,358,2.6091413996557926
550,362,2.6366028291438575
550,454,2.6234026205583163
550,478,2.6185261599216956
550,550,0.0
551,235,2.634421326154018
551,243,2.6009679303915565
551,359,2.658480398026107
551,363,2.699790525664066
551,455,2.721742114739681
551,479,2.602768691877219
551,551,0.0
552,224,2.5053033160265707
552,252,2.5305643079421776
552,356,2.6858868080699443
552,360,2.7076688574330063
552,456,2.672400416953606
552,472,2.6272119290207026
552,552,0.0
552,600,2.925247089262673
553,225,2.677784890634242
553,253,2.6181606981353367
553,357,2.688637821318278
553,361,2.625264124132189
553,457,2.592937919186177
553,473,2.5457277813055517
553,553,0.0
554,226,2.5784917097735605
554,254,2.5850665904904204
554,358,2.6444459469944492
554,362,2.5674711869517
554,458,2.604284926706021
554,474,2.5485387410599327
554,554,0.0
555,227,2.5162514899172987
555,255,2.7070785789767444
555,359,2.6912547912627915
555,363,2.7428714219738377
555,459,2.479433912522879
555,475,2.6211647191310377
555,555,0.0
556,228,2.66000347539248
556,244,2.5371011735149893
556,352,2.6793790441105143
556,364,2.643700971204641
556,460,2.623448322753789
556,464,2.7615578137558336
556,556,0.0
556,592,2.8452731177734507
557,229,2.5704344152502516
557,245,2.6209030832698237
557,353,2.6628759895019227
557,365,2.585694003480524
557,461,2.645160106005952
557,465,2.608846368862651
557,557,0.0
558,230,2.5814334607321574
558,246,2.565240703149121
558,354,2.742961988886744
558,366,2.6360417102236458
558,462,2.561816956483761
558,466,2.591207960500892
558,558,0.0
559,231,2.503742069774787
559,247,2.6161920057629615
559,355,2.6560144174420253
559,367,2.6775187334432453
559,463,2.6976484336061355
559,467,2.6765710755295093
559,559,0.0
560,216,2.585271795927062
560,272,2.5158592311080237
560,368,2.7671300652724016
560,380,2.735487547378498
560,436,2.580025794850012
560,464,2.58918585294973
560,560,0.0
561,217,2.564561851906818
561,273,2.663852104529585
561,369,2.758584250580863
561,381,2.6767885303365273
561,437,2.576516759273473
561,465,2.6071831715418217
561,561,0.0
562,218,2.5267143877239504
562,274,2.5412254422630047
562,370,2.7455009030918975
562,382,2.6706116528333195
562,438,2.6024977305657058
562,466,2.6532898246867074
562,562,0.0
563,219,2.605514970647915
563,275,2.6390305100112346
563,371,2.6875844833406686
563,383,2.5689136707538753
563,439,2.546287863651001
563,467,2.7176857073638527
563,563,0.0
564,222,2.703386901889807
564,282,2.559542333851534
564,372,2.6028090458726525
564,376,2.65431022382444
564,444,2.647666237530931
564,468,2.6224957960965547
564,564,0.0
565,223,2.6807010133254723
565,283,2.6645760407561423
565,373,2.5739092702895174
565,377,2.715129878634093
565,445,2.498174220849088
565,469,2.6589636038347044
565,565,0.0
566,220,2.646766615967284
566,280,2.670291451552606
566,374,2.717167084905982
566,378,2.6159749948190107
566,446,2.525462887425125
566,470,2.5813090833140815
566,566,0.0
567,221,2.6466743648073425
567,281,2.649702348143328
567,375,2.6736711484511173
567,379,2.675308571712301
567,447,2.5522285367385047
567,471,2.666344825457833
567,567,0.0
568,214,2.716984925207432
568,278,2.577874899874384
568,372,2.6465403782976105
568,376,2.809110591252631
568,440,2.6212029481613843
568,472,2.822845365401066
568,568,0.0
568,607,2.8230204379882005
569,215,2.810927566128975
569,279,2.6440435125171415
569,373,2.6647427678599542
569,377,2.7847131970530454
569,441,2.582446884713585
569,473,2.701889676845181
569,569,0.0
569,579,2.480566479617695
570,212,2.731043498485913
570,276,2.5244267329319356
570,374,2.6099415444278082
570,378,2.8139458556696337
570,442,2.543954521606388
570,474,2.8271587771654425
570,570,0.0
570,599,2.7311497513334184
571,213,2.740624244896725
571,277,2.5190445938304777
571,375,2.680373222511868
571,379,2.8291463396580574
571,443,2.6455570267817747
571,475,2.6179314789795716
571,571,0.0
572,208,2.6485816561621665
572,284,2.6677352581159597
572,368,2.6446945837435516
572,380,2.637032957669497
572,432,2.5035114555772386
572,476,2.5720826733424302
572,572,0.0
573,209,2.7072435081003494
573,285,2.618213411652535
573,369,2.550494758142597
573,381,2.6079279545603558
573,433,2.6628826112538233
573,477,2.6318196986651854
573,573,0.0
574,210,2.6107593369489983
574,286,2.5491263452927457
574,370,2.5486715940492815
574,382,2.721810538978958
574,434,2.5453876291770356
574,478,2.693845230572811
574,574,0.0
575,211,2.667672583322767
575,287,2.563153422899022
575,371,2.581719217023225
575,383,2.5358104702938937
575,435,2.568542650722411
575,479,2.5817349471400832
575,575,0.0
576,276,2.790574516937617
576,576,0.0
576,605,2.703262089521341
577,221,2.505250322954566
577,509,2.8515344612736375
577,577,0.0
577,604,2.441173554564511
578,214,2.6646196301774445
578,578,0.0
578,594,2.631136402717493
578,607,2.5383881271873503
579,569,2.480566479617695
579,579,0.0
579,606,2.86489423420657
579,623,2.4097807499444075
580,192,2.9823948519495267
580,580,0.0
580,586,2.9116845794861264
580,604,2.8078123818989096
581,581,0.0
581,589,2.5604466375368644
581,592,2.8817129159151653
581,605,2.738909824907833
582,395,2.867324888755145
582,523,2.8224751127782524
582,582,0.0
582,590,2.5937202544300604
583,486,2.6524653408844743
583,583,0.0
583,607,2.3528258024499693
584,230,2.812150117125559
584,584,0.0
584,622,2.5485027854553954
585,392,2.6591911471811684
585,425,2.8734707109794564
585,585,0.0
585,617,2.4873728715846797
586,532,2.995692839792531
586,580,2.9116845794861264
586,586,0.0
586,589,2.5632212365649845
587,507,2.6776928920466156
587,587,0.0
587,621,2.4976448090894796
588,245,2.5747269940548296
588,588,0.0
588,621,2.4142293913552306
589,520,2.7669621207125403
589,581,2.5604466375368644
589,586,2.5632212365649845
589,589,0.0
590,271,2.4171979030014668
590,582,2.5937202544300604
590,590,0.0
591,591,0.0
591,622,2.503508820424994
592,556,2.8452731177734507
592,581,2.8817129159151653
592,592,0.0
592,620,2.738496276084346
593,277,2.9503607903282996
593,593,0.0
593,603,2.540969099565346
593,610,2.891299165264044
594,578,2.631136402717493
594,594,0.0
594,600,2.4833946966329576
594,609,2.7726358850777237
595,257,2.711017336372005
595,595,0.0
595,606,2.85540981605353
595,612,2.5595480545295217
596,389,2.4285661154880764
596,413,2.4125663083605655
596,417,2.8242548667538974
596,509,2.954265330121016
596,596,0.0
597,256,2.4091200970337927
597,597,0.0
597,613,2.422257595886576
598,238,2.5837405598545704
598,546,2.843857355857371
598,598,0.0
598,614,2.479278420508725
599,474,2.8395474264157925
599,570,2.7311497513334184
599,599,0.0
599,602,2.9322668679662054
599,615,2.6015205434157957
600,552,2.925247089262673
600,594,2.4833946966329576
600,600,0.0
600,616,2.5972149800909023
601,219,2.557484558219786
601,505,2.8725918948878135
601,601,0.0
601,617,2.599342207311766
602,599,2.9322668679662054
602,602,0.0
602,618,2.821614271970035
603,459,2.65366763780812
603,475,2.559368223135077
603,539,2.9771543439524453
603,593,2.540969099565346
603,603,0.0
604,577,2.441173554564511
604,580,2.8078123818989096
604,604,0.0
605,528,2.8206805366470333
605,576,2.703262089521341
605,581,2.738909824907833
605,605,0.0
606,579,2.86489423420657
606,595,2.85540981605353
606,606,0.0
607,568,2.8230204379882005
607,578,2.5383881271873503
607,583,2.3528258024499693
607,607,0.0
608,489,2.722875324413005
608,608,0.0
608,612,2.4618762562477223
609,456,2.9927911653217985
609,594,2.7726358850777237
609,609,0.0
609,613,2.9568041486062735
610,203,2.5912385938119926
610,593,2.891299165264044
610,610,0.0
610,614,2.5448981977338656
611,490,2.947499025633054
611,611,0.0
611,615,2.7583578420133845
612,201,2.9251475484291714
612,537,2.534589473343298
612,595,2.5595480545295217
612,608,2.4618762562477223
612,612,0.0
613,200,2.809982176750595
613,536,2.8299116022098465
613,597,2.422257595886576
613,609,2.9568041486062735
613,613,0.0
614,259,2.7040638486206037
614,598,2.479278420508725
614,610,2.5448981977338656
614,614,0.0
615,538,2.4650281319302563
615,599,2.6015205434157957
615,611,2.7583578420133845
615,615,0.0
616,218,2.74247007834897
616,504,2.784387743623765
616,600,2.5972149800909023
616,616,0.0
617,411,2.5293372549812956
617,585,2.4873728715846797
617,601,2.599342207311766
617,617,0.0
618,216,2.421099174119738
618,602,2.821614271970035
618,618,0.0
619,267,2.5579733834732608
619,515,2.6216908803136256
619,619,0.0
620,212,2.5645867309496304
620,592,2.738496276084346
620,620,0.0
621,213,2.734521077425563
621,587,2.4976448090894796
621,588,2.4142293913552306
621,621,0.0
622,522,2.4621017690154794
622,584,2.5485027854553954
622,591,2.503508820424994
622,622,0.0
623,215,2.6090697061179853
623,579,2.4097807499444075
623,623,0.0
